TRIMESTRE,CHRONIQUE,DR,mean_1,median_1,p5_1,p10_1,p25_1,p75_1,p90_1,p95_1,mean_2,median_2,p5_2,p10_2,p25_2,p75_2,p90_2,p95_2,mean_3,median_3,p5_3,p10_3,p25_3,p75_3,p90_3,p95_3,mean_4,median_4,p5_4,p10_4,p25_4,p75_4,p90_4,p95_4,mean_5,median_5,p5_5,p10_5,p25_5,p75_5,p90_5,p95_5,mean_6,median_6,p5_6,p10_6,p25_6,p75_6,p90_6,p95_6,mean_7,median_7,p5_7,p10_7,p25_7,p75_7,p90_7,p95_7,mean_8,median_8,p5_8,p10_8,p25_8,p75_8,p90_8,p95_8,CD_TY_CLI_RCI_1,CD_TY_CLI_RCI_2,CD_ETA_CIV_1,CD_ETA_CIV_2,CD_MOD_HABI_1,CD_MOD_HABI_2,CD_PROF_1,CD_PROF_2,CD_PROF_3,CD_QUAL_VEH_1,CD_QUAL_VEH_2,dtf_per_trt,PIB,Inflation,Tx_cho
17897.0,CHR2,0.003,0.994843089012882,0.99519155,0.99208063,0.99252968,0.9936912600000001,0.99625907,0.9968618300000001,0.99702259,494.728813559322,428.0,164.0,215.0,296.0,662.0,869.0,976.0,19.07,21.0,2.0,2.0,9.0,26.0,30.0,30.0,5.796610169491525,5.0,-3.0,-1.0,1.0,7.0,9.0,12.0,786008.4957198444,739254.0,51392.0,111171.0,275370.0,1157353.0,1535001.0,1786452.0,1.4191738952891239e-06,0.0,0.0,0.0,0.0,0.0,0.0,0.0,0.27356591694915255,0.3125,0.0166667,0.0204082,0.027027,0.4375,0.55,0.65,0.27381119874048504,0.23076923076923078,-0.30999442638179286,0.0,0.09277170421922046,0.4897959183673469,0.8014472290857748,0.8481012658227848,0.005331256738948124,0.9946687432610518,0.3692584161974362,0.6307415838025637,0.27245717024080507,0.7275428297591949,0.07085180304300946,0.3512160057505691,0.5779321912064215,0.3921289085899125,0.6078710914100874,Q42008,497736.0,1.760576189,7.8
17897.0,CHR8,0.1924,0.9456939123775638,0.95396814,0.87088877,0.89024642,0.92474267,0.97602398,0.9902291,0.9947926500000001,146.80835062240664,92.0,16.0,21.0,46.0,164.0,301.0,478.0,33.13600395647873,26.0,9.0,9.0,16.0,46.0,67.0,77.0,57.73660096818811,46.0,6.0,7.0,15.0,80.0,112.0,138.0,877437.9741820248,848259.0,65458.0,178644.0,475650.0,1199318.0,1559919.0,1843421.0,0.007499717595974317,0.0062893,0.0,0.001694,0.0034602,0.0103093,0.014978,0.018604700000000002,0.11292695958679097,0.0612245,0.0,0.0,0.0166667,0.15,0.2972973,0.4285714,0.0904734673944267,0.0967741935483871,-0.13271097148380862,0.0,0.0,0.16387973484848484,0.3000109613065877,0.4649611979877549,0.04826972833117723,0.9517302716688227,0.6401196636481242,0.35988033635187583,0.6792529107373868,0.32074708926261325,0.1817593790426908,0.5418014230271669,0.2764391979301423,0.5485122897800776,0.4514877102199224,Q42008,497736.0,1.760576189,7.8
17897.0,Totale,0.024,0.9751140213317168,0.99381902,0.9091731000000001,0.94077331,0.9783581100000001,0.99813277,0.99922394,0.99953871,563.3163911632937,291.0,30.0,51.0,107.0,742.0,1402.0,1965.0,653.3043286749689,276.0,16.0,26.0,56.0,991.0,1791.0,2351.0,219.33023889442862,49.0,5.0,6.0,9.0,153.0,611.0,1165.0,728511.8228752548,644592.0,47750.0,101062.0,250182.0,1080543.0,1473114.0,1738923.0,0.001092885353419198,0.0,0.0,0.0,0.0,0.0,0.0035842,0.0079365,0.15532872093309483,0.0833333,0.0,0.0166667,0.0327869,0.21666670000000002,0.4166667,0.5416667000000001,0.27977296405855107,0.19230769230769232,-0.04937796149804714,0.0,0.03007454894247347,0.5429346862655187,0.7995456367766939,0.8461538461538461,0.04511422170308101,0.9548857782969189,0.41879296478563083,0.5812070352143691,0.34329222756256816,0.6567077724374317,0.10288809528368727,0.37072267008789234,0.5263892346284205,0.45114461061218236,0.5488553893878176,Q42008,497736.0,1.760576189,7.8
17987.0,CHR2,0.0025,0.9947821030484525,0.9951915,0.9920968800000001,0.99257854,0.99369442,0.99627469,0.9968618300000001,0.99702544,515.2115384615385,466.5,182.0,202.0,254.0,660.0,918.0,1066.0,17.229508196721312,15.0,6.0,6.0,11.0,26.0,29.0,29.0,5.115384615384615,5.0,-1.0,0.0,1.0,6.0,9.0,13.0,787927.599945628,740867.0,54512.0,123439.0,300091.0,1145193.0,1520862.0,1775100.0,1.3637173845677098e-06,0.0,0.0,0.0,0.0,0.0,0.0,0.0,0.25979309615384616,0.29889455,0.0166667,0.0204082,0.0274024,0.4,0.5333333,0.6166667,0.27636663272574385,0.23186250159055144,-0.26034681611435995,0.0,0.1,0.480969723183391,0.7921718046414964,0.8425692695214105,0.00500646182863929,0.9949935381713607,0.3591030283272596,0.6408969716727404,0.2618728824412905,0.7381271175587095,0.06822759608331684,0.3428029200479689,0.5889694838687143,0.3766605735309528,0.6233394264690473,Q12009,489227.0,0.624887123,8.6
17987.0,CHR8,0.1436,0.9477866579683818,0.9564171300000001,0.87088877,0.89332847,0.92744727,0.97898765,0.9917351400000001,0.99565583,136.14420117822914,78.0,11.0,15.0,39.0,152.0,294.0,441.0,30.794159885112492,26.0,6.0,6.0,11.0,43.0,70.0,78.0,56.68196605996659,49.0,6.0,7.0,15.0,83.0,111.0,132.0,873307.3628457843,841221.5,73833.0,179502.0,479087.0,1181337.0,1546179.0,1843618.0,0.007485984243680043,0.0062035,0.0,0.0016826,0.003413,0.0102389,0.0152672,0.0188679,0.1126932751516749,0.0625,0.0,0.0,0.0166667,0.15,0.2972973,0.4098361,0.0980333375966385,0.1,-0.11586504065040651,0.0,0.0,0.16388,0.3076923076923077,0.4868595197579883,0.051469982706085805,0.9485300172939142,0.6268632133739603,0.3731367866260397,0.6535452524087952,0.3464547475912048,0.1773037964259244,0.5328996129457301,0.2897965906283455,0.5439347772379148,0.45606522276208517,Q12009,489227.0,0.624887123,8.6
17987.0,Totale,0.019799999999999998,0.9754878046612102,0.99391019,0.91085992,0.94196627,0.9786605349999999,0.9981548,0.99921294,0.99953092,563.428530132423,279.0,21.0,43.0,106.0,737.0,1436.0,2014.0,642.1164400942541,264.0,11.0,26.0,60.0,949.0,1801.0,2359.0,233.9331140049005,55.0,5.0,6.0,10.0,170.0,667.0,1235.0,728554.4702354701,648857.0,50248.0,107515.0,257285.0,1066920.0,1456722.0,1725643.0,0.0011502370246213557,0.0,0.0,0.0,0.0,0.0,0.0038023,0.0083011,0.15216015084105353,0.0833333,0.0,0.0,0.0273973,0.2162162,0.4081633,0.5416667000000001,0.2828468066408018,0.19948162822158416,0.0,0.0,0.04691658291457287,0.5390040299366724,0.7916666666666666,0.8412698412698413,0.04352375169321314,0.9564762483067868,0.4100074734924564,0.5899925265075435,0.3347867719183521,0.665213228081648,0.09934840487645383,0.3639660890279789,0.5366855060955673,0.43662711943575133,0.5633728805642487,Q12009,489227.0,0.624887123,8.6
18078.0,CHR2,0.0026,0.9947985609711593,0.99517627,0.99210853,0.99259131,0.9936912600000001,0.99627548,0.99686408,0.99703803,575.4375,493.5,243.0,273.0,362.5,716.0,1066.0,1121.0,15.738636363636363,15.0,5.0,5.0,5.0,25.5,28.0,28.0,6.708333333333333,5.5,0.0,0.0,2.0,7.0,11.0,16.0,786536.9565872144,734229.0,63414.0,130995.0,323419.0,1133081.0,1512585.0,1771888.0,8.527744061036933e-07,0.0,0.0,0.0,0.0,0.0,0.0,0.0,0.2901499354166667,0.31458335000000004,0.0166667,0.0208333,0.03429705,0.41103605,0.5833333,0.6333333,0.27987169861238315,0.23643690065647577,-0.18922542273584142,0.0,0.10179606451156956,0.47062080653056704,0.781021897810219,0.8376842948865255,0.004886451522182381,0.9951135484778176,0.36230049919145046,0.6376995008085495,0.26032951322974524,0.7396704867702547,0.06692212144648339,0.3463521526166538,0.5867257259368628,0.3722960463099674,0.6277039536900326,Q22009,488744.0,-0.206626291,9.133333333
18078.0,CHR8,0.1418,0.9496470053684684,0.95820136,0.87372901,0.89653278,0.9292118500000001,0.98014267,0.99227452,0.99578339,133.7762886597938,85.0,13.0,17.0,41.0,155.0,278.5,411.0,30.89438433797012,25.0,5.0,5.0,8.0,46.0,64.0,81.0,59.41254295532646,52.0,6.0,7.0,19.0,86.0,114.0,135.0,867395.4501949952,834269.5,90080.0,197037.0,490250.5,1157035.0,1527097.0,1809352.0,0.007620886141591477,0.0062598,0.0,0.0018132,0.0034632,0.0104239,0.015503900000000001,0.0191507,0.1211065697079042,0.0666667,0.0,0.0,0.0204082,0.1666667,0.3055556,0.4324324,0.10390613493804968,0.1,-0.018333722627737227,0.0,0.0,0.16782277914522264,0.3066257387455803,0.48586572438162545,0.05384242815628027,0.9461575718437197,0.6281078463028738,0.37189215369712625,0.6405392315143688,0.35946076848563124,0.17525024216984178,0.5343073942525024,0.2904423635776558,0.5347917339360672,0.46520826606393284,Q22009,488744.0,-0.206626291,9.133333333
18078.0,Totale,0.019,0.9755377520618139,0.9938280700000001,0.91203289,0.94206098,0.9783773,0.9981475000000001,0.9992104,0.99951637,575.6689590241107,288.0,20.0,41.0,106.0,746.0,1481.0,2085.0,685.0505808237136,324.0,12.0,25.0,64.0,1009.0,1872.0,2429.0,244.45934476783057,62.0,5.0,6.0,10.0,180.0,698.0,1281.0,725474.3099387578,646542.0,54479.0,115953.0,268906.0,1051729.0,1446145.0,1722820.0,0.0011703602934088303,0.0,0.0,0.0,0.0,0.0,0.0039194,0.0085227,0.15324046849917658,0.0833333,0.0,0.0,0.027777800000000002,0.2162162,0.4081633,0.55,0.28610587137376686,0.20122227252150293,0.0,0.0,0.06941307993292342,0.5356552772453903,0.7841726618705036,0.8358862144420132,0.04273792306144133,0.9572620769385587,0.41263321959644467,0.5873667804035554,0.33516342071883587,0.6648365792811641,0.09861409494923964,0.36669147347777453,0.5346944315729858,0.4312991748224909,0.5687008251775091,Q22009,488744.0,-0.206626291,9.133333333
18170.0,CHR2,0.0026,0.9947955915370479,0.99514714,0.99210343,0.99258725,0.9936794600000001,0.99627254,0.9968618300000001,0.99702543,552.8181818181819,551.5,133.0,365.0,408.5,631.5,803.0,1040.0,14.855555555555556,15.0,5.0,5.0,5.0,23.0,30.0,30.0,7.840909090909091,6.0,0.0,1.0,4.0,7.0,12.0,16.0,777256.0662825992,718643.0,62521.0,125361.0,320009.0,1118992.0,1510580.0,1776162.0,6.07032677463861e-07,0.0,0.0,0.0,0.0,0.0,0.0,0.0,0.35454728409090913,0.34013605,0.0166667,0.027777800000000002,0.2833333,0.5,0.5833333,0.6333333,0.2860549168418959,0.24426450742240216,-0.042799224806201554,0.0,0.10865628395508874,0.46762304826820955,0.7743173098623336,0.8338962405182437,0.004924674598924256,0.9950753254010758,0.3574405662793676,0.6425594337206324,0.253708058770112,0.7462919412298881,0.06602323794444315,0.34202621836216734,0.5919505436933895,0.3669872168021049,0.6330127831978951,Q32009,489557.0,-0.42324655,9.166666667
18170.0,CHR8,0.152,0.9508814480953475,0.95863796,0.87780861,0.9014558,0.93066962,0.9800261,0.99218584,0.99565326,129.1481451547725,82.0,13.0,15.0,41.0,148.0,274.0,380.0,30.21046831955923,23.0,5.0,5.0,9.0,41.0,65.0,82.0,58.848056251515395,52.0,6.0,7.0,19.0,85.0,112.0,135.0,872351.392807532,838602.0,99669.0,210199.0,506695.0,1147873.0,1521460.0,1808594.0,0.0078672186640927,0.0065147,0.0009519,0.0019814999999999998,0.0036232,0.0106952,0.01585885,0.0196078,0.12377930860745273,0.0694444,0.0,0.0,0.0208333,0.1666667,0.3166667,0.4324324,0.10514065119171691,0.1,0.0,0.0,0.0,0.17743744691970995,0.30129236082194605,0.448,0.05427606325809919,0.9457239367419008,0.6236757254721327,0.3763242745278674,0.6392599416551512,0.3607400583448488,0.17480423767848918,0.5357746046368801,0.2894211576846307,0.5329341317365269,0.46706586826347307,Q32009,489557.0,-0.42324655,9.166666667
18170.0,Totale,0.018799999999999997,0.9758599997997257,0.9938280700000001,0.91326913,0.94236377,0.97844156,0.99818153,0.99921746,0.99951637,588.1179828734538,303.0,20.0,41.0,103.0,756.0,1533.0,2146.0,748.5762851165571,411.0,13.0,23.0,77.0,1108.5,1969.0,2527.0,252.68093432143766,65.0,5.0,6.0,10.0,191.0,727.0,1328.0,717782.9554592606,634839.0,54479.0,107924.0,269788.0,1038181.0,1444098.0,1733956.0,0.0011899141071081171,0.0,0.0,0.0,0.0,0.0,0.0040889,0.0086817,0.1549547840710666,0.0833333,0.0,0.0136986,0.027777800000000002,0.21666670000000002,0.4166667,0.55,0.293248425968554,0.2079002079002079,0.0,0.0,0.09477240458396474,0.5417888563049853,0.7820084290074117,0.8333333333333334,0.04159806015818948,0.9584019398418105,0.4099070492465793,0.5900929507534207,0.3309670342358986,0.6690329657641014,0.09695975982910918,0.36432307603487096,0.5387171641360199,0.4254211650597541,0.574578834940246,Q32009,489557.0,-0.42324655,9.166666667
18262.0,CHR2,0.0025,0.9947892059917123,0.9951262200000001,0.99210126,0.99259131,0.9936653200000001,0.996266,0.9968603500000001,0.99701303,556.0555555555555,587.5,10.0,44.0,464.5,690.5,864.0,895.0,11.222222222222221,10.0,3.0,3.0,3.0,16.0,24.0,24.0,5.527777777777778,5.5,1.0,1.0,2.0,7.0,10.0,13.0,782020.6153346641,718194.0,69270.0,130055.0,339519.0,1114743.0,1523619.0,1796635.0,4.217414375301496e-07,0.0,0.0,0.0,0.0,0.0,0.0,0.0,0.4073356527777778,0.39791665,0.0166667,0.0204082,0.2875,0.53055555,0.8378378,1.0,0.2918203936344393,0.24749184856271597,0.0,0.0,0.12,0.4595561836156732,0.7619047619047619,0.8285714285714286,0.00444459447294986,0.9955554055270501,0.3555112971464578,0.6444887028535422,0.24647808083535871,0.7535219191646412,0.06530740840759744,0.33859933387343594,0.5960932577189666,0.35228193356737786,0.6477180664326222,Q42009,492638.0,0.36461126,9.533333333
18262.0,CHR8,0.1525,0.9501775409584214,0.95792452,0.87928535,0.90150147,0.93077916,0.97918635,0.99161589,0.99524846,130.7241494329553,87.0,16.0,21.0,36.0,154.0,281.0,386.0,30.400918635170605,24.0,3.0,3.0,10.0,44.0,66.0,80.0,57.697965310206804,51.0,6.0,7.0,16.0,84.0,112.0,134.0,864337.160718525,826318.0,96745.0,209134.0,510232.0,1135760.0,1525258.0,1820393.0,0.007840162428752354,0.0065135,0.0,0.0019608,0.0036755,0.0106081,0.015747999999999998,0.0195313,0.12463288697465012,0.0810811,0.0,0.0,0.027777800000000002,0.1666667,0.3055556,0.4210526,0.10707052614341266,0.10001736314905414,0.0,0.0,0.0,0.17835984876921185,0.3,0.44483465027802166,0.05001181381428684,0.9499881861857132,0.6320390643459085,0.3679609356540915,0.651098684728676,0.34890131527132395,0.17074899582578562,0.5460344963377176,0.2832165078364968,0.5292588800504057,0.4707411199495944,Q42009,492638.0,0.36461126,9.533333333
18262.0,Totale,0.018600000000000002,0.9766539131137921,0.99388895,0.91567784,0.94380968,0.97896483,0.99820207,0.99923708,0.9995265600000001,596.6988889334564,304.0,21.0,41.0,107.0,757.0,1553.0,2182.0,782.709952606635,467.0,16.0,31.0,80.0,1152.0,2035.0,2578.0,260.59564397737756,66.0,5.0,6.0,10.0,199.0,759.0,1379.0,716825.4482152415,632637.0,58056.0,111404.0,280138.0,1029350.0,1445765.0,1745339.0,0.0011615159720136231,0.0,0.0,0.0,0.0,0.0,0.0039526,0.0085256,0.15593600965890092,0.0833333,0.0,0.013888900000000001,0.027777800000000002,0.21666670000000002,0.4166667,0.55,0.30195778072134594,0.21818181818181817,0.0,0.0,0.1,0.5457199074645452,0.7777777777777778,0.8305084745762712,0.04033799843925039,0.9596620015607497,0.40805328908973415,0.5919467109102658,0.3263912025598082,0.6736087974401918,0.09492175009670835,0.3627714262076244,0.5423068236956672,0.4108550358771167,0.5891449641228833,Q42009,492638.0,0.36461126,9.533333333
18352.0,CHR2,0.0024,0.994793639306625,0.9951230150000001,0.9921086100000001,0.99259758,0.99365461,0.99626856,0.9968618300000001,0.9970143300000001,643.375,626.5,345.0,369.5,434.5,760.5,961.5,1116.5,14.728395061728396,9.0,6.0,6.0,6.0,26.0,30.0,30.0,6.525,6.0,1.0,1.0,4.0,7.0,12.0,21.0,774781.6217623278,707963.5,69270.0,132049.0,345333.0,1097045.0,1515253.0,1784585.0,4.165928003960489e-07,0.0,0.0,0.0,0.0,0.0,0.0,0.0,0.38580343,0.38958329999999997,0.0166667,0.026870750000000002,0.2875,0.52083335,0.64166665,0.71041665,0.2947816386961608,0.2474925151415207,0.0,0.00994980683719438,0.12754695335184008,0.4520547945205479,0.7476947040498443,0.8201843110811419,0.00435875197366958,0.9956412480263305,0.3603197900682723,0.6396802099317277,0.2441123490559744,0.7558876509440257,0.06524784842217626,0.3430293326217004,0.5917228189561233,0.34607601129717347,0.6539239887028265,Q12010,495051.0,1.324574628,9.366666667
18352.0,CHR8,0.1508,0.9508332928350894,0.95852282,0.88015084,0.90216279,0.9314896300000001,0.9794478400000001,0.9917583,0.99521791,127.16987413723102,79.0,9.0,16.0,34.0,147.0,289.0,386.0,28.801792828685258,26.0,6.0,6.0,9.0,34.0,58.0,72.0,58.34275274056029,51.0,6.0,7.0,17.0,84.0,112.0,133.0,850005.9388622661,810214.0,88063.0,206486.0,508984.0,1118099.0,1502007.0,1798863.0,0.007962690754483623,0.0066924,0.0007819,0.0019743,0.0037175,0.010712949999999999,0.0159363,0.0198171,0.12949166011368274,0.0816327,0.0,0.013888900000000001,0.0327869,0.1833333,0.3166667,0.442623,0.11175403498978162,0.10058405622899506,0.0,0.0,4.318721658389117e-05,0.17889532154592397,0.3012928079359448,0.439298239703529,0.04992702972578539,0.9500729702742146,0.6395268453798295,0.36047315462017054,0.6489745756202473,0.35102542437975265,0.1677548198786389,0.5461248943851295,0.28612028573623166,0.5180121361087641,0.4819878638912359,Q12010,495051.0,1.324574628,9.366666667
18352.0,Totale,0.0184,0.9774823400740976,0.99391021,0.91801499,0.94504407,0.9792630550000001,0.99820822,0.99925337,0.99953488,585.0907053359257,294.0,21.0,37.0,100.0,730.5,1515.0,2181.0,758.4178814752788,456.0,9.0,26.0,65.0,1112.0,2023.0,2588.0,253.1339922229423,63.0,5.0,6.0,10.0,187.0,715.0,1353.0,706748.2206280543,623017.5,58556.0,112812.5,279244.0,1009070.0,1428382.5,1728098.0,0.0011292922046639284,0.0,0.0,0.0,0.0,0.0,0.00377,0.008312449999999999,0.15786655765168067,0.0833333,0.0,0.013888900000000001,0.027777800000000002,0.2222222,0.4166667,0.5555556,0.3082701191810005,0.22811124424544366,0.0,0.0,0.1,0.5481927710843374,0.7727272727272727,0.8264893001735107,0.03931061579750005,0.9606893842024999,0.41268488242776186,0.5873151175722381,0.3265029778751534,0.6734970221248466,0.09398675661336903,0.36736524088268524,0.5386480025039457,0.40429844013949284,0.5957015598605071,Q12010,495051.0,1.324574628,9.366666667
18443.0,CHR2,0.0025,0.9948220112113472,0.99507895,0.99209484,0.99257803,0.99361761,0.99625008,0.9968526400000001,0.99700754,582.2105263157895,525.5,247.0,345.0,421.0,761.0,887.0,1045.0,13.67032967032967,9.0,5.0,5.0,5.0,23.0,30.0,30.0,6.578947368421052,6.0,-1.0,1.0,4.0,7.0,15.0,21.0,775693.7723559387,702073.0,73627.0,137730.0,347041.0,1097161.0,1524699.0,1793526.0,4.368048791800009e-07,0.0,0.0,0.0,0.0,0.0,0.0,0.0,0.3798839473684211,0.38958329999999997,0.0166667,0.0540541,0.2916667,0.5,0.6333333,0.6756757,0.2982584342011955,0.24931259336078365,0.0,0.019722939657196525,0.1377551020408163,0.4461538461538462,0.7289238275955543,0.8116997238262617,0.004528227050372394,0.9954717729496276,0.3649134017892557,0.6350865982107443,0.24066810629765104,0.759331893702349,0.06627076814596095,0.3467013353311886,0.5870278965228505,0.3387025693006038,0.6612974306993962,Q22010,498121.0,1.613594174,9.266666667
18443.0,CHR8,0.1558,0.9515102262024034,0.95888192,0.88226956,0.90412306,0.9322022,0.9795207300000001,0.9918366000000001,0.99542799,123.37063906097163,76.0,15.0,15.0,36.0,145.0,273.0,380.0,28.133444075304542,23.0,5.0,5.0,9.0,30.0,61.0,79.0,56.93699054450603,51.0,6.0,7.0,17.0,83.0,109.0,130.0,844158.1552678781,797926.0,106492.0,228037.0,513251.0,1102969.0,1498247.0,1785363.0,0.008074461646508031,0.0068027,0.0010989,0.0020747,0.0038132,0.010929,0.016055,0.019857,0.1334075040837972,0.0833333,0.0,0.0166667,0.0333333,0.1833333,0.3333333,0.45,0.12036045726188799,0.10204081632653061,0.0,0.0,0.00827357970215113,0.17948904777084568,0.30129277825123213,0.44639693899241834,0.05056615480068249,0.9494338451993175,0.6407631456491392,0.35923685435086083,0.6482084690553747,0.3517915309446254,0.16527066852799752,0.548549713044827,0.28617961842717543,0.5084535442841631,0.4915464557158369,Q22010,498121.0,1.613594174,9.266666667
18443.0,Totale,0.0184,0.9775191992618425,0.99381902,0.9189657800000001,0.94539617,0.97916753,0.99820713,0.99925337,0.99953687,591.0949224392813,296.0,20.0,36.0,100.0,730.0,1542.0,2227.0,782.9697380132347,485.0,9.0,23.0,65.0,1147.0,2084.0,2654.0,254.59630624670925,63.0,5.0,6.0,10.0,187.0,714.0,1365.0,702707.4399138279,615315.0,62561.0,117860.0,279244.0,1000000.0,1431240.0,1725932.0,0.0011084101972690654,0.0,0.0,0.0,0.0,0.0,0.0037313,0.0082229,0.15875130510737795,0.0833333,0.0,0.013888900000000001,0.0333333,0.2222222,0.4166667,0.5510204,0.3141044015709109,0.23202664821220045,0.0,0.0,0.10104912770826523,0.5498372481745404,0.7679901697258275,0.823300742136883,0.0386852080414282,0.9613147919585718,0.41754549327758034,0.5824545067224196,0.3274220256422645,0.6725779743577356,0.09359558310017527,0.3719929196076795,0.5344114972921452,0.3958387322056828,0.6041612677943172,Q22010,498121.0,1.613594174,9.266666667
18535.0,CHR2,0.0024,0.9948191490653515,0.99506622,0.99209484,0.99256652,0.99360182,0.9962451800000001,0.99685203,0.99700754,549.9444444444445,524.5,204.0,217.0,397.0,650.5,979.0,1020.0,11.403225806451612,10.0,3.0,3.0,3.0,20.0,24.0,24.0,5.083333333333333,5.0,0.0,1.0,2.0,7.0,7.0,15.0,766816.1711434885,687352.0,70251.0,134569.0,340630.5,1083959.5,1515780.0,1781467.0,5.86154236545249e-07,0.0,0.0,0.0,0.0,0.0,0.0,0.0,0.3323511166666667,0.34166665,0.0166667,0.0208333,0.14166665,0.5,0.6041667000000001,0.65,0.3029226281461465,0.25292153589315525,0.0,0.025033452304160955,0.1481152336517811,0.44382647385984425,0.719626168224299,0.8064516129032258,0.004286548612105919,0.9957134513878941,0.36694619224454267,0.6330538077554574,0.237005366450319,0.762994633549681,0.06674453712988573,0.34766223319265227,0.585593229677462,0.33798719545118955,0.6620128045488104,Q32010,500437.0,1.543022467,9.166666667
18535.0,CHR8,0.14880000000000002,0.9514139391917144,0.95856852,0.8847417,0.90542403,0.9322022,0.97914371,0.99144878,0.99540762,126.59583196586807,80.0,15.0,20.0,36.0,148.0,268.0,385.0,27.972513089005236,24.0,3.0,3.0,10.0,41.0,62.0,77.0,56.18575648178536,49.0,6.0,7.0,16.0,82.0,108.0,127.0,835415.7170697347,782174.0,113837.0,232891.0,513483.0,1086461.0,1495867.0,1764590.0,0.008072563536041393,0.0068182,0.0008865,0.0020704,0.0037688,0.010948900000000001,0.0159744,0.0195258,0.13340868407450301,0.0833333,0.0,0.0166667,0.0333333,0.1833333,0.3333333,0.44897960000000003,0.12227004784581189,0.1027208910023116,0.0,0.0,0.013336001067093504,0.1793484169040201,0.3015075376884422,0.4392983086149316,0.047355713061764934,0.952644286938235,0.6367318326972505,0.3632681673027494,0.6499727393099151,0.3500272606900849,0.16481034348469506,0.5551834255004284,0.28000623101487654,0.5027650128514682,0.49723498714853176,Q32010,500437.0,1.543022467,9.166666667
18535.0,Totale,0.018000000000000002,0.977859106033513,0.99373322,0.9192737400000001,0.94571432,0.9791395700000001,0.99819196,0.99925337,0.99953773,595.985610058152,297.0,20.0,41.0,107.0,745.0,1548.0,2242.0,812.5658100469069,518.0,15.0,24.0,77.0,1188.0,2135.0,2715.0,252.58970493215594,62.0,5.0,6.0,10.0,183.0,703.0,1361.0,694639.7078627013,603683.0,57229.0,109935.0,270891.0,990735.0,1429472.0,1717024.0,0.0010949109493771638,0.0,0.0,0.0,0.0,0.0,0.0036664,0.0081633,0.15918443068273783,0.0833333,0.0,0.0163934,0.0333333,0.22352940000000002,0.4166667,0.5510204,0.3176705376840326,0.23577120762012543,0.0,0.0,0.10365522933616318,0.5474885615164161,0.765437166480971,0.8213222156045265,0.03830209302376727,0.9616979069762327,0.4214835683229199,0.5785164316770801,0.328807282148049,0.6711927178519511,0.0936439550385858,0.3756336581621769,0.5307223867992373,0.3945383889632968,0.6054616110367033,Q32010,500437.0,1.543022467,9.166666667
18627.0,CHR2,0.0021,0.9948302158323551,0.995084745,0.99209484,0.9925569200000001,0.9936036450000001,0.99625996,0.99684835,0.99700754,547.8888888888889,524.0,199.0,263.0,346.0,699.0,960.0,1055.0,11.555555555555555,11.0,1.0,4.0,4.0,21.0,25.0,25.0,4.638888888888889,5.0,0.0,1.0,2.0,7.0,8.0,11.0,765329.8175121171,676982.0,68968.0,134107.0,331349.0,1085244.0,1526577.0,1799023.0,5.529469213472939e-07,0.0,0.0,0.0,0.0,0.0,0.0,0.0,0.304089525,0.3166667,0.0166667,0.0208333,0.0686937,0.45416665,0.6041667000000001,0.6333333,0.31017196471477504,0.2566287996640442,0.0,0.03471796407185629,0.15625782608695651,0.44813278008298757,0.7172735409110179,0.8051378649605404,0.00435244382431954,0.9956475561756803,0.35212103542347817,0.6478789645765218,0.22131864470313833,0.7786813552968617,0.06456819175742935,0.33223307440804684,0.6031987338345238,0.3156042399883379,0.684395760011662,Q42010,503500.0,1.64191331,9.2
18627.0,CHR8,0.1492,0.9508832151936417,0.95803667,0.8851225300000001,0.9050904000000001,0.93157289,0.97868154,0.99136957,0.99525696,123.61493533583646,81.0,11.0,16.0,36.0,148.0,269.0,360.0,28.328534031413614,24.0,4.0,4.0,11.0,39.0,67.0,77.0,55.61084689194827,50.0,5.0,6.0,16.0,83.0,108.0,125.0,827666.02768056,769587.5,108966.0,230867.0,503373.0,1070948.5,1497915.0,1773150.0,0.008073117290127893,0.0068621,0.0007252000000000001,0.0021164,0.0038168,0.0109091,0.0158557,0.0195531,0.13318639758031214,0.0833333,0.0,0.0166667,0.0333333,0.1833333,0.3265306,0.4375,0.12371587712219118,0.1040580499168472,0.0,0.0,0.013734864948773674,0.1797039603960396,0.2953937044216745,0.43342776203966005,0.049307479224376734,0.9506925207756233,0.642817570241393,0.35718242975860703,0.6547685001978631,0.34523149980213697,0.16454293628808864,0.5498219232291255,0.28563514048278593,0.4986941036802533,0.5013058963197468,Q42010,503500.0,1.64191331,9.2
18627.0,Totale,0.0166,0.9784787060877629,0.99390456,0.91954083,0.94614156,0.9794478400000001,0.99821152,0.99925337,0.9995395300000001,602.2509860742172,301.0,21.0,39.0,107.0,781.0,1563.0,2268.0,826.2897113009677,513.0,11.0,25.0,72.0,1213.0,2181.0,2766.0,251.55976817193914,62.0,4.0,6.0,10.0,183.0,692.0,1355.0,695345.1711597289,600000.0,56669.0,109125.0,272836.0,991122.5,1443144.0,1724420.0,0.0010695495204307395,0.0,0.0,0.0,0.0,0.0,0.0035762,0.0079365,0.16047138197670313,0.0833333,0.0,0.0166667,0.0333333,0.22448980000000002,0.4166667,0.55,0.32143961375496083,0.23908258192227969,0.0,0.0001049097775912715,0.10638297872340426,0.5439256598825608,0.7627239292917309,0.8203592814371258,0.03751096918622708,0.9624890308137729,0.40611939894070487,0.5938806010592951,0.31425754502837916,0.6857424549716208,0.08998171975995982,0.36165485155903143,0.5483634286810087,0.37165166241795256,0.6283483375820474,Q42010,503500.0,1.64191331,9.2
18717.0,CHR2,0.002,0.9948469515294271,0.99509963,0.99209484,0.9925587,0.99361354,0.99627551,0.9968603500000001,0.99702642,608.4,603.5,52.0,309.5,465.0,773.0,1014.5,1055.0,15.14,16.0,1.0,6.0,6.0,21.0,24.0,24.0,5.966666666666667,6.0,1.0,1.5,4.0,7.0,9.5,12.0,757794.8276152202,664869.0,70251.0,144810.0,323304.0,1075555.0,1513410.0,1785897.0,3.2354218362282875e-07,0.0,0.0,0.0,0.0,0.0,0.0,0.0,0.38409541000000014,0.38194445,0.0166667,0.13333335,0.2972973,0.4666667,0.5770833500000001,0.6734694,0.31649745467401547,0.2608695652173913,0.0,0.05660377358490566,0.15944129661351958,0.45454545454545453,0.7161898698921736,0.8027613412228797,0.0043134809271385514,0.9956865190728614,0.364733395696913,0.635266604303087,0.22142188961646397,0.7785781103835361,0.06744621141253508,0.3409832657727887,0.5915705228146763,0.3099885666770606,0.6900114333229393,Q12011,508939.0,1.79615262,9.166666667
18717.0,CHR8,0.1482,0.9505574267361142,0.95805476,0.88439249,0.90388615,0.93152536,0.97877433,0.99116393,0.9952969500000001,121.29988550866862,78.5,10.0,16.0,34.0,141.0,269.0,350.0,25.825507246376812,21.0,6.0,6.0,10.0,31.0,55.0,70.0,55.34208374223095,49.0,6.0,6.0,17.0,82.0,107.0,124.0,827345.2799687622,760275.0,105415.0,227651.0,503975.0,1073360.0,1518365.0,1770531.0,0.008156578160829951,0.0069252,0.0008772000000000001,0.0021164,0.003861,0.0110396,0.016093200000000002,0.019656,0.13300717006052032,0.0833333,0.013888900000000001,0.0166667,0.0333333,0.1833333,0.3243243,0.442623,0.1314378356082413,0.10688045517274222,0.0,0.0,0.020432359839350905,0.18039373620757468,0.3012925062693585,0.43425814234016885,0.04956177770883425,0.9504382222911657,0.6412782129837896,0.3587217870162103,0.6434499340727526,0.3565500659272473,0.16326688900954006,0.5430078337082138,0.2937252772822462,0.4842162413712867,0.5157837586287133,Q12011,508939.0,1.79615262,9.166666667
18717.0,Totale,0.017,0.9783939089553235,0.9937882,0.9189657800000001,0.9453678,0.97913487,0.9981909999999999,0.99925337,0.99953871,605.5682464709355,304.0,21.0,38.0,106.0,784.0,1567.0,2287.0,824.2061659374493,476.0,10.0,24.0,65.0,1212.0,2207.0,2790.0,248.90071654768934,61.0,4.0,6.0,9.0,178.0,681.0,1341.0,694520.3485184133,597724.0,57229.0,116720.0,276805.0,985609.0,1441227.0,1717767.0,0.0010442987252916893,0.0,0.0,0.0,0.0,0.0,0.0034335,0.0078125,0.16064392328002325,0.0833333,0.0,0.0166667,0.0333333,0.22448980000000002,0.4166667,0.55,0.3240249000002618,0.24451134044706313,0.0,0.005780346820809248,0.10876954452753229,0.5392242219115542,0.7597539880837978,0.8189007274154115,0.03746752473136709,0.962532475268633,0.41829818096693216,0.5817018190330678,0.3199412257728748,0.6800587742271251,0.09250252382216408,0.37240746507928874,0.5350900110985471,0.368962944229278,0.631037055770722,Q12011,508939.0,1.79615262,9.166666667
18808.0,CHR2,0.0018,0.9948240167457261,0.99506667,0.9920940300000001,0.9925303400000001,0.9935966700000001,0.99626371,0.99684434,0.99700754,515.175,461.0,78.5,160.0,365.0,705.0,880.0,1005.5,12.840909090909092,12.5,3.0,3.0,3.0,20.0,24.0,24.0,6.225,6.0,1.0,2.0,3.0,8.0,11.0,13.0,756977.8499096442,653991.0,76423.0,149633.0,307473.0,1079849.0,1525405.0,1802449.0,5.521763745961969e-07,0.0,0.0,0.0,0.0,0.0,0.0,0.0,0.371868665,0.3631757,0.0208333,0.057639300000000004,0.25765305,0.4765766,0.58896395,0.7232545,0.31966522011724785,0.26387971484012246,0.0,0.0625,0.16207830697631342,0.45778812039827566,0.7163172864215738,0.8024561287986041,0.004623751481293381,0.9953762485187067,0.37234425258168274,0.6276557474183173,0.2204270357203318,0.7795729642796683,0.06917640088031149,0.3452471643812426,0.5855764347384459,0.30920941256136786,0.6907905874386322,Q22011,508710.0,2.065767285,9.1
18808.0,CHR8,0.15539999999999998,0.950274816624518,0.9579717600000001,0.8848775600000001,0.90316353,0.9306695500000001,0.9787480900000001,0.99114062,0.99525696,121.81227527385232,80.0,10.0,16.0,36.0,140.0,268.0,350.0,27.18268090154211,20.0,3.0,3.0,10.0,36.0,59.0,76.0,54.54026256375951,49.0,6.0,7.0,14.0,81.0,107.0,123.0,821803.8381020506,752515.0,106535.0,229454.0,491946.0,1080073.0,1501087.0,1759365.0,0.008115705985077066,0.0069156,0.0,0.0020243,0.003861,0.0110396,0.0159046,0.0195122,0.13298971693285638,0.0833333,0.0166667,0.0166667,0.0333333,0.1833333,0.3225806,0.43333330000000003,0.1354371530250678,0.10800021578464693,0.0,0.0,0.02168256721595837,0.18110243350311261,0.30435304953746345,0.4358627903935841,0.04533586517920722,0.9546641348207927,0.6483899042645779,0.35161009573542207,0.6397658042566658,0.3602341957433341,0.16884247171453437,0.548381992246222,0.2827755360392436,0.486589128886779,0.5134108711132209,Q22011,508710.0,2.065767285,9.1
18808.0,Totale,0.0173,0.9784200573723245,0.99363224,0.91822719,0.94471579,0.97869677,0.9981439,0.99925337,0.99953871,605.2988172101351,309.0,20.0,41.0,107.0,780.0,1553.0,2288.0,815.1593824033985,436.0,10.0,24.0,59.0,1218.0,2201.0,2789.0,244.41702837610546,59.0,4.0,6.0,10.0,174.0,660.0,1313.0,696979.0587999113,594236.5,65827.0,125329.0,271583.0,989954.5,1451470.0,1725168.5,0.0010293107133230474,0.0,0.0,0.0,0.0,0.0,0.0033925,0.007722,0.16023467746289843,0.09722220000000001,0.0,0.0166667,0.0333333,0.22448980000000002,0.4166667,0.5416667000000001,0.3243668248856367,0.24639645189109277,0.0,0.009976555095525514,0.10998276936613265,0.533374560352491,0.7572128029781896,0.8181818181818182,0.03749167218306936,0.9625083278169306,0.4243004101649387,0.5756995898350613,0.3222146778172499,0.67778532218275,0.09393351794657852,0.37714314905355556,0.5289233329998659,0.3698167986701035,0.6301832013298965,Q22011,508710.0,2.065767285,9.1
18900.0,CHR2,0.0018,0.9948263975264697,0.9950781200000001,0.99209484,0.99253645,0.99360583,0.9962621500000001,0.99684074,0.99700754,529.5555555555555,487.0,193.0,227.0,340.0,679.0,956.0,988.0,16.46153846153846,18.0,4.0,4.0,10.0,25.0,25.0,25.0,5.533333333333333,4.0,1.0,1.0,2.0,7.0,10.0,12.0,740190.1169392847,633169.0,73079.0,132767.0,293847.0,1059786.0,1516970.0,1794181.0,7.186814895436523e-07,0.0,0.0,0.0,0.0,0.0,0.0,0.0,0.3219085311111111,0.3469388,0.0204082,0.027777800000000002,0.2162162,0.4285714,0.5625,0.6122449,0.3234373503922369,0.2670614134047211,0.0,0.07568781075787254,0.16387976190476192,0.46376078808142984,0.7178379331628604,0.8027078349651039,0.0044765803604657345,0.9955234196395343,0.3756499548088681,0.6243500451911319,0.21917167313520125,0.7808283268647987,0.07026423520655006,0.34544101228135465,0.5842947525120953,0.3071295656334733,0.6928704343665266,Q32011,510179.0,2.138661226,9.2
18900.0,CHR8,0.1585,0.9497439954851689,0.95770213,0.88232185,0.9017551300000001,0.9299986,0.97835807,0.9909605300000001,0.99510811,119.47739720428349,81.0,10.0,15.0,31.0,143.0,256.0,332.0,26.01338199513382,18.0,4.0,4.0,8.0,31.0,60.0,77.0,54.22316684378321,49.0,6.0,6.0,14.0,81.0,106.0,121.0,822615.912578125,748572.5,130895.5,243678.5,492021.5,1077381.5,1509406.0,1751208.5,0.00805919779113336,0.0068004,0.0009191000000000001,0.0020833,0.0038462,0.010929,0.015861,0.0193492,0.13763591706041214,0.0833333,0.0166667,0.0166667,0.0408163,0.18367350000000002,0.3265306,0.44897960000000003,0.13809301607944355,0.11000169233372821,0.0,0.0,0.022131787159040617,0.18463766366982443,0.3082756896408034,0.43820224719101125,0.04486431848223311,0.955135681517767,0.6452064380685795,0.3547935619314206,0.642640541170982,0.35735945882901793,0.16693880724671487,0.549801726148822,0.2832594666044631,0.4750796983127284,0.5249203016872717,Q32011,510179.0,2.138661226,9.2
18900.0,Totale,0.0174,0.9784708145103749,0.99364454,0.9177066700000001,0.94430296,0.9786135,0.9981477200000001,0.99925337,0.99954346,611.2485239152809,309.0,18.0,36.0,107.0,792.0,1563.0,2314.0,846.1000637348629,462.0,10.0,25.0,67.0,1268.0,2247.0,2861.0,242.35560099669573,59.0,4.0,6.0,9.0,171.0,646.0,1299.0,685902.0681240682,579387.0,60784.0,111066.0,261956.0,976592.0,1439569.0,1718836.0,0.0010172508080382122,0.0,0.0,0.0,0.0,0.0,0.0033784,0.0075909,0.16173553782210034,0.1,0.0,0.0166667,0.0333333,0.22448980000000002,0.4166667,0.5416667000000001,0.32624142158678154,0.24749145253956506,0.0,0.015556427366999507,0.11171000083782501,0.5330811971798104,0.7554115201174024,0.8181818181818182,0.03734772171016055,0.9626522782898393,0.4257572110520116,0.5742427889479884,0.321233435508986,0.678766564491014,0.09416278093866692,0.377111233712427,0.528725985348906,0.3660685947262026,0.6339314052737973,Q32011,510179.0,2.138661226,9.2
18992.0,CHR2,0.0019,0.9948121342333603,0.99506622,0.99209061,0.99253252,0.9935992,0.99624908,0.9968299,0.99700422,615.6486486486486,569.0,285.0,340.0,437.0,740.0,1048.0,1187.0,12.862745098039216,11.0,5.0,5.0,5.0,19.0,26.0,26.0,6.162162162162162,6.0,1.0,2.0,4.0,7.0,10.0,14.0,735079.6924395228,623500.0,64804.0,121131.0,286472.0,1059015.0,1527774.0,1800000.0,4.482706403897643e-07,0.0,0.0,0.0,0.0,0.0,0.0,0.0,0.3325358972972973,0.3469388,0.0204082,0.0204082,0.2653061,0.4285714,0.5510204,0.6,0.32664101129913314,0.268456711409396,0.0,0.08681754503660148,0.1676001061794273,0.4671152336705415,0.719626168224299,0.8026315789473685,0.0045489087970544476,0.9954510912029455,0.38190497597105827,0.6180950240289418,0.2183262156289803,0.7816737843710198,0.07209752860460884,0.3498485480953451,0.578053923300046,0.30586862751394106,0.6941313724860589,Q42011,511348.0,2.442357558,9.366666667
18992.0,CHR8,0.153,0.9487320499308719,0.95669121,0.88082437,0.90028735,0.9290192,0.97777937,0.99089922,0.99493031,123.07534753639878,82.0,16.0,19.0,36.0,148.0,270.0,335.0,29.029455081001473,19.0,5.0,5.0,11.0,36.0,61.0,75.0,54.70741136793617,49.0,6.0,6.0,14.0,81.0,106.0,121.0,812220.1587451722,738147.0,124470.0,233936.0,485444.0,1072280.0,1483612.0,1721390.0,0.008003572699362378,0.0067618,0.0011751,0.0021459,0.0037855000000000002,0.0108696,0.0157978,0.0192644,0.13620839709632443,0.0833333,0.0166667,0.0166667,0.0408163,0.18367350000000002,0.3166667,0.4324324,0.1391574327421922,0.10968435677060592,0.0,0.0,0.022476859320243004,0.18263264040242777,0.30530333467255927,0.42991661582265606,0.04451435312622887,0.9554856468737711,0.6460086511993708,0.35399134880062916,0.6394809280377507,0.3605190719622493,0.16657491152182463,0.555642941407786,0.2777821470703893,0.4692095949665749,0.5307904050334251,Q42011,511348.0,2.442357558,9.366666667
18992.0,Totale,0.017,0.9785224291144514,0.9935883600000001,0.91702763,0.9437151300000001,0.97837317,0.9981381300000001,0.99925337,0.99954727,617.8761504792811,309.0,19.0,40.0,107.0,807.0,1563.0,2334.0,871.0837857079291,481.0,16.0,26.0,75.0,1315.0,2298.0,2912.0,239.53069990046222,57.0,4.0,6.0,9.0,167.0,631.0,1278.0,683812.7221662579,570300.0,55810.0,102936.0,260699.0,976774.0,1447209.0,1726093.0,0.0009840296337518986,0.0,0.0,0.0,0.0,0.0,0.0031646,0.0073155,0.16297812394798958,0.1,0.0,0.0166667,0.0333333,0.2291667,0.4166667,0.5416667000000001,0.3286411239573898,0.24749155364050335,0.0,0.018000173374359052,0.1144950767117014,0.5337925096857512,0.7563827713895926,0.8192771084337349,0.03741221654819643,0.9625877834518036,0.4324890725106281,0.5675109274893719,0.32407597492023577,0.6759240250797643,0.09561873968196943,0.38224614437116683,0.5221351159468637,0.36415484102748336,0.6358451589725166,Q42011,511348.0,2.442357558,9.366666667
19083.0,CHR2,0.0018,0.9948149423837301,0.995071665,0.99208743,0.99253543,0.99360993,0.9962512750000001,0.99683146,0.99700754,586.0,565.0,306.0,367.0,423.0,694.5,865.0,975.0,14.944444444444445,16.0,5.0,5.0,11.0,19.0,26.0,26.0,5.8125,6.0,1.0,3.0,4.0,7.0,8.0,12.0,735928.7944977307,618855.0,59472.0,129423.0,284991.0,1062296.0,1534408.0,1804110.0,3.8403738568222176e-07,0.0,0.0,0.0,0.0,0.0,0.0,0.0,0.33623107187500006,0.34846940000000004,0.0204082,0.25,0.26778820000000003,0.42261905,0.4833333,0.5,0.3275266719337436,0.26902855720487084,0.0,0.07681699541958398,0.17123090227731336,0.46904315196998125,0.7201557799491616,0.8015283639122993,0.00476937219488455,0.9952306278051155,0.3772238144162656,0.6227761855837344,0.2115070567241659,0.7884929432758341,0.07209214297301682,0.3464013410479641,0.581506515979019,0.3040393662466879,0.6959606337533121,Q12012,510968.0,2.314331454,9.5
19083.0,CHR8,0.1499,0.9482674013822355,0.95609085,0.87961002,0.900107,0.92838791,0.97777937,0.99085194,0.99511008,121.72276897414513,75.0,11.0,16.0,33.0,145.0,270.0,346.0,31.664571877454833,26.0,5.0,8.0,16.0,40.0,61.0,75.0,53.815763135946625,49.0,5.0,6.0,13.0,81.0,105.0,120.0,802080.9597379774,719524.5,117733.0,225381.0,462331.0,1073454.0,1476575.0,1733257.0,0.007931212650650526,0.0067114,0.0010246,0.0020367000000000002,0.0037267,0.0107362,0.0157895,0.0192719,0.14008727938282045,0.0833333,0.0166667,0.0166667,0.0408163,0.1875,0.3333333,0.44897960000000003,0.14263563792158598,0.11445248800465944,0.0,0.0,0.02380508649613275,0.18882379450202794,0.3066741368443168,0.43431801730378133,0.0441527446300716,0.9558472553699283,0.6557677008750994,0.34423229912490055,0.637629276054097,0.3623707239459029,0.1643595863166269,0.5558472553699284,0.2797931583134447,0.4561654733492443,0.5438345266507557,Q12012,510968.0,2.314331454,9.5
19083.0,Totale,0.0167,0.9784168655218685,0.99348009,0.9158868800000001,0.94286359,0.97795317,0.998110845,0.99926234,0.99955125,619.9012629630638,311.0,19.0,40.0,107.0,810.0,1553.0,2344.0,867.7917688500468,457.0,19.0,31.0,75.0,1329.0,2298.0,2954.0,238.33759764827568,56.0,4.0,6.0,9.0,164.0,622.0,1272.0,685377.5216627778,567819.0,53700.0,114462.0,262013.0,980452.0,1451266.0,1728089.0,0.000990834658635327,0.0,0.0,0.0,0.0,0.0,0.0031949,0.0073349999999999995,0.16523742234437683,0.1,0.0,0.0166667,0.0408163,0.2333333,0.4166667,0.5510204,0.3268174134922551,0.2467733856412039,0.0,0.014778325123152709,0.11386796632698272,0.5286798322100202,0.7560975609756098,0.8191354675348165,0.037320169009967805,0.9626798309900322,0.4310055061487477,0.5689944938512523,0.3211468779147987,0.6788531220852013,0.09528087376262094,0.379739435802432,0.5249796904349471,0.36214855855817135,0.6378514414418287,Q12012,510968.0,2.314331454,9.5
19174.0,CHR2,0.0019,0.9948149977154378,0.9950935949999999,0.99208063,0.99253028,0.9936151200000001,0.99626018,0.9968316700000001,0.99700754,577.1304347826087,524.5,278.0,355.0,390.0,684.0,956.0,1066.0,13.392857142857142,12.5,5.0,5.0,5.0,19.0,25.0,25.0,6.434782608695652,6.0,1.0,2.0,4.0,7.0,11.0,13.0,739103.3951902898,617474.0,70090.0,140098.0,287381.0,1066956.0,1544852.0,1816694.0,5.455138810198301e-07,0.0,0.0,0.0,0.0,0.0,0.0,0.0,0.36582028260869554,0.34013605,0.0208333,0.027777800000000002,0.2708333,0.4594595,0.6486486,0.6875,0.3299019448782361,0.2717391304347826,0.0,0.07142857142857142,0.17563337426205544,0.47512702369779447,0.7221461139963724,0.8009005926138955,0.005292509568069984,0.99470749043193,0.37604155276107165,0.6239584472389283,0.2063641334062329,0.7936358665937671,0.07224712957900492,0.343236741388737,0.584516129032258,0.3036085292509568,0.6963914707490432,Q22012,510039.0,1.999862316,9.666666667
19174.0,CHR8,0.1445,0.9477394612798972,0.9562668200000001,0.87869928,0.89898702,0.92774129,0.9779217,0.99093571,0.9950105300000001,120.70616951435065,75.0,10.0,15.0,31.0,145.0,269.0,346.0,31.540111199364574,25.0,5.0,10.0,15.0,40.0,61.0,75.0,54.15124989479,49.0,6.0,6.0,14.0,81.0,106.0,121.0,805804.252048851,720183.5,120734.0,227867.0,455896.0,1079173.0,1498166.0,1755003.0,0.007843389956647493,0.006697150000000001,0.0008741,0.0019763,0.0037037,0.0106952,0.015463900000000001,0.0189702,0.14365104253850844,0.1,0.0166667,0.0166667,0.0408163,0.19444440000000002,0.3333333,0.4594595,0.14346749149495555,0.11625583549799277,0.0,0.0,0.02335793661194418,0.18604074292270006,0.3052178142152435,0.4350391009438237,0.04427187575054039,0.9557281242494596,0.6523096629573293,0.3476903370426707,0.6321351372988552,0.3678648627011448,0.17084300696501478,0.5467136338163477,0.2824433592186374,0.4430389880714114,0.5569610119285886,Q22012,510039.0,1.999862316,9.666666667
19174.0,Totale,0.0165,0.9783356718149312,0.9933994700000001,0.9146905000000001,0.9422594,0.9775064,0.99810231,0.9992724900000001,0.99955187,625.0456287245503,310.0,19.0,40.0,107.0,823.0,1568.0,2358.0,872.9397530864197,452.0,19.0,31.0,75.0,1364.0,2314.0,2993.0,238.4358047756065,56.0,4.0,6.0,9.0,163.0,615.0,1268.0,688512.5759356035,565658.0,63318.0,125884.0,265239.0,987291.0,1458481.0,1732750.0,0.0009866674859427501,0.0,0.0,0.0,0.0,0.0,0.0032258,0.0072993,0.16681857901538027,0.1,0.0136986,0.0166667,0.0408163,0.2333333,0.4285714,0.5510204,0.32741230457005566,0.24544588108447582,0.0,0.00868394772263471,0.11446012972148036,0.5304347826086957,0.7572355194780563,0.8193021448835403,0.03790754981793251,0.9620924501820675,0.4307335088252605,0.5692664911747395,0.31854371883347454,0.6814562811665255,0.09564741214085061,0.37814198461103965,0.5262106032481098,0.3602995867100438,0.6397004132899562,Q22012,510039.0,1.999862316,9.666666667
19266.0,CHR2,0.0017000000000000001,0.9948120748586821,0.995089565,0.99208063,0.992524585,0.99361214,0.99625869,0.99683111,0.99700518,623.15,598.0,274.5,355.0,450.0,728.5,935.5,1117.0,12.771428571428572,10.0,5.0,5.0,5.0,20.0,25.0,25.0,6.325,6.0,1.5,2.0,4.0,7.5,10.5,11.5,734218.4515222482,611391.0,65570.0,130215.0,281195.0,1064961.0,1537230.0,1813585.0,4.840304486265023e-07,0.0,0.0,0.0,0.0,0.0,0.0,0.0,0.352847425,0.35680275,0.0208333,0.057639300000000004,0.26666665,0.4630631,0.5484234,0.61599095,0.3298077591345962,0.27151778441487917,0.0,0.06441050964815759,0.17588059838472833,0.47619047619047616,0.7204610951008645,0.7998799279567741,0.0053423776905854444,0.9946576223094145,0.3786881248475982,0.6213118751524018,0.2048724257941522,0.7951275742058478,0.07318614085256367,0.3438518321473698,0.5829620270000665,0.30475937132850084,0.6952406286714993,Q3 2012,511290.0,1.976788236,9.733333333
19266.0,CHR8,0.1445,0.9472257622898157,0.95651802,0.87603724,0.89814849,0.9277562100000001,0.97753059,0.99054969,0.99474854,122.71589018302829,82.0,13.0,20.0,34.0,146.0,264.0,335.0,29.32570977917981,25.0,5.0,5.0,10.0,34.0,62.0,82.0,54.13618968386023,49.0,5.0,6.0,13.0,81.0,106.0,123.0,806823.8561529272,723252.0,123670.0,224113.0,447532.0,1080777.0,1509071.0,1761189.0,0.007824423770100314,0.0066007,0.0011007,0.0020492,0.003681,0.0106383,0.0153846,0.0188889,0.14019271824459303,0.0833333,0.0166667,0.0166667,0.0408163,0.1875,0.3333333,0.44897960000000003,0.1431769912548564,0.11619125236744401,0.0,0.0,0.022223727945370746,0.18304178918050945,0.30303030303030304,0.41899441340782123,0.04523450519800016,0.9547654948019998,0.6526466153479882,0.34735338465201177,0.6255059122291882,0.37449408777081183,0.16831997460519005,0.5491627648599318,0.2825172605348782,0.4424252043488612,0.5575747956511389,Q3 2012,511290.0,1.976788236,9.733333333
19266.0,Totale,0.0165,0.9781999351683134,0.993295245,0.91354567,0.94142293,0.9772212100000001,0.9980947600000001,0.9992724900000001,0.99955125,633.37575633128,314.0,20.0,41.0,107.0,832.0,1573.0,2386.0,886.0828551755795,461.0,13.0,25.0,72.0,1410.0,2355.0,3039.0,237.15548254620123,56.0,4.0,6.0,9.0,163.0,605.0,1255.0,686511.3885653892,558612.0,56314.0,118468.0,258956.0,991032.5,1460925.0,1732739.0,0.0009741390620237834,0.0,0.0,0.0,0.0,0.0,0.0031646,0.0071942,0.16707244978230834,0.1,0.013888900000000001,0.0166667,0.0408163,0.2333333,0.4285714,0.5510204,0.3264054773444668,0.2435287313418544,0.0,0.0025736713421696047,0.11428175083996372,0.5266615533156201,0.7560727716231325,0.8185650554577825,0.037979055476269605,0.9620209445237304,0.43389398273955765,0.5661060172604424,0.31898800718569637,0.6810119928143037,0.0964486411691745,0.38016852065453266,0.5233828381762928,0.3634598215740324,0.6365401784259676,Q3 2012,511290.0,1.976788236,9.733333333
19358.0,CHR2,0.0017000000000000001,0.9948123199326635,0.99509738,0.99208063,0.9925246,0.99361772,0.99626373,0.9968321,0.99700754,636.9117647058823,580.0,280.0,356.0,462.0,752.0,847.0,1250.0,13.142857142857142,13.5,5.0,5.0,5.0,21.0,26.0,26.0,6.617647058823529,6.0,2.0,3.0,6.0,7.0,11.0,12.0,740443.5239824743,616908.5,68732.0,131475.5,279244.0,1079545.0,1551147.5,1829952.0,3.442364725296283e-07,0.0,0.0,0.0,0.0,0.0,0.0,0.0,0.39314896470588234,0.3855442,0.0612245,0.25,0.3333333,0.4833333,0.5833333,0.6486486,0.3277008475222774,0.26873720219559216,0.0,0.05642667245401769,0.17599303278688525,0.47409093064049684,0.7142857142857143,0.7967485182049111,0.005488938619637708,0.9945110613803623,0.37489562109622904,0.625104378903771,0.20108665397419198,0.798913346025808,0.07285925826959262,0.33979090817996593,0.5873498335504415,0.3094180389013216,0.6905819610986783,Q4 2012,511449.0,1.532409783,10.13333333
19358.0,CHR8,0.1461,0.9464970254120201,0.95589912,0.87450737,0.8955239,0.92572644,0.9773959,0.99056625,0.99471876,124.73364249578415,82.0,14.0,21.0,41.0,147.0,270.0,333.5,32.57354149548069,26.0,5.0,11.0,14.0,41.0,67.0,82.0,53.76256323777403,49.0,5.0,6.0,14.0,80.0,106.0,122.0,805222.1438356164,725144.0,107613.0,212554.5,429300.0,1096444.0,1519484.0,1759962.0,0.007741510692127982,0.0065177,0.0010373000000000001,0.0019455,0.0036232,0.0105374,0.015471200000000001,0.0190337,0.14265889664418235,0.1,0.0166667,0.0166667,0.0408163,0.1891892,0.3333333,0.45416665,0.14498797667081303,0.1186834441452827,0.0,0.0,0.02191310975609756,0.18259786969152025,0.30303030303030304,0.4163018553262456,0.04229873986676298,0.9577012601332371,0.6521390159723894,0.34786098402761056,0.6303876715627258,0.3696123284372742,0.16766995746047034,0.5485191427883458,0.2838108997511839,0.4393611044225058,0.5606388955774942,Q4 2012,511449.0,1.532409783,10.13333333
19358.0,Totale,0.0165,0.9781626495317806,0.99320536,0.9129946,0.94090412,0.9768540800000001,0.99807681,0.9992724900000001,0.99954789,640.3550208657567,320.0,26.0,46.0,105.0,838.0,1599.0,2412.0,897.3267698077825,473.0,21.0,31.0,77.0,1431.0,2388.5,3086.0,237.23001914415966,55.0,4.0,6.0,9.0,163.0,603.0,1257.0,691761.6876992388,562463.0,62253.0,121320.0,260106.0,1002061.0,1470101.0,1738685.0,0.0009664170585346306,0.0,0.0,0.0,0.0,0.0,0.0031194,0.0071038,0.16792995746020628,0.1020408,0.013888900000000001,0.0166667,0.0408163,0.23611110000000002,0.4305556,0.5510204,0.32207958890299876,0.23763619244047887,0.0,8.106486810745958e-05,0.1128625710093676,0.5183431002649113,0.75172756237845,0.8159509202453987,0.03833043463099301,0.9616695653690069,0.4349753501327301,0.56502464986727,0.31880059107374037,0.6811994089262596,0.0970455030883167,0.3796929554994704,0.5232615414122129,0.3670672542532463,0.6329327457467536,Q4 2012,511449.0,1.532409783,10.13333333
19448.0,CHR2,0.0017000000000000001,0.9948234333746295,0.9951106000000001,0.99208007,0.9925258,0.99362684,0.99626925,0.99683359,0.99700754,716.6666666666666,664.0,187.0,396.0,543.0,872.0,1010.0,1340.0,13.785714285714286,11.0,6.0,6.0,6.0,20.0,26.0,26.0,6.909090909090909,7.0,2.0,3.0,6.0,8.0,11.0,13.0,746380.0133272808,625501.0,75389.0,130757.0,274854.0,1100000.0,1563084.0,1832987.0,3.5043393285092715e-07,0.0,0.0,0.0,0.0,0.0,0.0,0.0,0.3738724060606061,0.375,0.0408163,0.25,0.2833333,0.4594595,0.5510204,0.6486486,0.32833166262859986,0.27040912901219544,0.0,0.04756252411519169,0.1761038643205012,0.47716518965832744,0.7142857142857143,0.7971163470122,0.005407866391276345,0.9945921336087237,0.3705776534079552,0.6294223465920448,0.19572700823950076,0.8042729917604993,0.07277855508916872,0.3356541630577209,0.5915672818531104,0.3111355408976836,0.6888644591023164,Q1 2013,511172.0,1.061260587,10.33333333
19448.0,CHR8,0.1389,0.9461898260014181,0.95533378,0.8740117000000001,0.8950759500000001,0.92541772,0.97671135,0.99038148,0.9945885,122.26061969015493,80.0,11.0,16.0,34.0,146.0,272.0,340.0,32.91297824456114,26.0,6.0,11.0,16.0,39.0,65.0,80.0,53.085290687989335,48.0,5.0,6.0,14.0,79.0,104.0,121.0,812552.9257759784,734066.0,116831.0,212797.0,430757.0,1114072.0,1527583.0,1756595.0,0.007638083478812927,0.0063716499999999995,0.0008097,0.0019342,0.0035907,0.0103734,0.0152672,0.018595,0.14460171126103616,0.1,0.0166667,0.0166667,0.0408163,0.2,0.3333333,0.4583333,0.14275819660856537,0.11688189893582958,0.0,0.0,0.019680325845470255,0.18129787118790966,0.3,0.41471590609337905,0.042647291107250046,0.95735270889275,0.6497393776654558,0.3502606223345443,0.6250987205812668,0.3749012794187332,0.16853577633865108,0.5403569736218607,0.29110725003948823,0.44455852156057496,0.555441478439425,Q1 2013,511172.0,1.061260587,10.33333333
19448.0,Totale,0.0166,0.978271881508018,0.99320399,0.91294853,0.94083228,0.97671601,0.99807393,0.9992751,0.9995469100000001,639.7968132445206,314.0,20.0,39.0,104.0,832.0,1641.0,2420.0,870.5774159226535,426.0,20.0,29.0,65.0,1385.0,2354.0,3079.0,236.38992841546667,55.0,4.0,6.0,9.0,160.0,597.0,1245.0,694494.649533956,566091.5,67823.0,120643.0,256251.0,1013382.0,1475690.0,1735634.0,0.000962859079356971,0.0,0.0,0.0,0.0,0.0,0.0031217000000000003,0.0070522,0.16930831848947497,0.1020408,0.013888900000000001,0.0166667,0.0408163,0.2432432,0.43333330000000003,0.5555556,0.32151712182631587,0.23691104944290275,0.0,0.0,0.11246696282966878,0.5176210203734181,0.7510373443983402,0.815605888318633,0.03843966890492953,0.9615603310950704,0.432500531714029,0.567499468285971,0.31514147933694175,0.6848585206630582,0.09618815297738154,0.3766814099753892,0.5271304370472292,0.3680394293080773,0.6319605706919227,Q1 2013,511172.0,1.061260587,10.33333333
19539.0,CHR2,0.002,0.9948268031846619,0.99511605,0.99208063,0.99252721,0.99363853,0.9962709200000001,0.9968311200000001,0.99700422,659.1891891891892,634.0,345.0,363.0,419.0,828.0,979.0,1028.0,12.306666666666667,10.0,5.0,5.0,5.0,20.0,25.0,25.0,8.08108108108108,7.0,1.0,4.0,4.0,10.0,16.0,20.0,752506.384272046,637481.0,75685.0,127263.0,270353.0,1118445.0,1576773.0,1837442.0,3.92003401320924e-07,0.0,0.0,0.0,0.0,0.0,0.0,0.0,0.3846562702702703,0.375,0.0208333,0.25,0.3333333,0.4666667,0.5694444,0.6458333,0.3279815355680253,0.27105733134089005,0.0,0.04007045354469397,0.17604480140303327,0.478291345400569,0.7137859755128001,0.7957794417971409,0.0053928177472729495,0.994607182252727,0.37111277005871934,0.6288872299412807,0.19234754704787796,0.807652452952122,0.07310387859474758,0.33576975788031066,0.5911263635249417,0.31468874305006184,0.6853112569499382,Q2 2013,514527.0,0.806533257,10.4
19539.0,CHR8,0.1417,0.9466666588224526,0.95591292,0.87297124,0.89499123,0.926291535,0.977263475,0.9907419,0.994895955,123.72699874424445,81.0,13.0,20.0,34.0,145.0,268.0,363.0,28.02093180283592,25.0,5.0,5.0,10.0,34.0,61.0,81.0,54.09242360820427,49.0,6.0,6.0,15.0,79.0,105.0,120.0,805878.83072,734875.0,109356.0,197794.0,416775.5,1118529.5,1505193.0,1719443.5,0.007647488415414149,0.0064309,0.0009737,0.0019881,0.0035587,0.0103806,0.0151745,0.0185811,0.14536979807450773,0.1,0.0166667,0.0166667,0.0408163,0.19672130000000002,0.3469388,0.4583333,0.14440236087487116,0.11684645189728543,0.0,0.0,0.016982931469077953,0.1834862385321101,0.30730675503926685,0.41601775956284154,0.04724346717654557,0.9527565328234544,0.64993626513703,0.3500637348629701,0.625717017208413,0.374282982791587,0.17017208413001914,0.5403919694072657,0.2894359464627151,0.44351497769279796,0.5564850223072021,Q2 2013,514527.0,0.806533257,10.4
19539.0,Totale,0.0163,0.9784424914904922,0.99325545,0.912909615,0.9408166600000001,0.976776195,0.9980954,0.99928596,0.99955125,639.2455496217178,314.0,20.0,40.0,107.0,823.0,1693.0,2414.0,846.5275507392781,395.0,10.0,25.0,61.0,1301.0,2353.0,3088.0,235.80090120160213,54.0,4.0,6.0,9.0,157.0,594.0,1244.0,696729.5129263902,570661.0,69927.0,117995.0,253006.0,1025289.0,1478489.0,1736042.0,0.0009523468152271058,0.0,0.0,0.0,0.0,0.0,0.0030581000000000002,0.006993,0.17111868980693812,0.1020408,0.015625,0.0166667,0.0408163,0.24489799999999998,0.43333330000000003,0.5666667,0.32143691233999594,0.23790406518571386,0.0,0.0,0.1124448317544205,0.5174133354781629,0.750511451524375,0.8150055190020165,0.03848175271255201,0.961518247287448,0.43326123026938745,0.5667387697306125,0.3133920582384266,0.6866079417615734,0.09635314864524425,0.3768514416269231,0.5267954097278327,0.36924804322708993,0.6307519567729101,Q2 2013,514527.0,0.806533257,10.4
19631.0,CHR2,0.0021,0.9948264310442932,0.99512735,0.99208063,0.99252642,0.99364615,0.99627405,0.99682768,0.99699695,657.9090909090909,567.0,340.0,396.0,437.0,798.0,999.0,1120.0,11.347826086956522,10.0,5.0,5.0,5.0,20.0,25.0,25.0,7.848484848484849,6.0,1.0,3.0,4.0,9.0,16.0,23.0,750033.6446191726,638641.5,63560.0,112865.0,265184.0,1121643.0,1575070.0,1828396.0,3.4297509112293735e-07,0.0,0.0,0.0,0.0,0.0,0.0,0.0,0.4065286,0.375,0.0612245,0.25,0.3333333,0.47222220000000004,0.6486486,0.7551019999999999,0.3288292473966784,0.27235249623680097,0.0,0.03463698363037964,0.17584101226931448,0.4815746938256512,0.7149705634987384,0.7975604003850402,0.005520302445661265,0.9944796975543387,0.3741315281758467,0.6258684718241533,0.1918165698290379,0.8081834301709621,0.07368209749188682,0.3377086841606352,0.5886092183474779,0.3182482240239102,0.6817517759760898,Q3 2013,514663.0,0.938840296,10.26666667
19631.0,CHR8,0.1416,0.9463650520122935,0.95551301,0.87045638,0.89459489,0.9262845900000001,0.97687515,0.99056604,0.99477104,125.87608166008569,82.0,14.0,16.0,41.0,147.0,266.0,354.0,25.727482678983833,20.0,5.0,5.0,10.0,31.0,56.0,74.0,53.081492060825,48.0,6.0,6.0,14.0,78.0,103.0,119.0,800829.247322298,732993.0,104800.0,186100.0,404725.0,1120238.0,1490197.0,1709413.0,0.007637342375081067,0.0064103,0.0013106,0.0020718,0.0035842,0.0103251,0.0150987,0.0186916,0.1460688735192804,0.1,0.0166667,0.0166667,0.0408163,0.2,0.35000000000000003,0.4666667,0.14277919446766255,0.11504424778761062,0.0,0.0,0.0060428079290676005,0.18238993710691823,0.30083632498345403,0.41601775956284154,0.04555384739865685,0.9544461526013431,0.653531839145562,0.3464681608544381,0.6274779512905575,0.37252204870944255,0.1691075329719233,0.5457561291366616,0.2851363378914151,0.44332065701108503,0.556679342988915,Q3 2013,514663.0,0.938840296,10.26666667
19631.0,Totale,0.016399999999999998,0.9786098297300703,0.99336606,0.91307927,0.9409991,0.97696002,0.9981288700000001,0.99929855,0.99955481,644.5136859664975,314.0,20.0,41.0,105.0,826.0,1725.0,2440.0,871.9525601333651,420.0,10.0,25.0,62.0,1323.0,2414.0,3154.0,235.10801417946757,53.0,4.0,6.0,9.0,155.0,589.0,1235.0,691950.0650288693,570005.5,58374.0,102275.5,245141.0,1028289.0,1474776.5,1728332.0,0.0009420037984292297,0.0,0.0,0.0,0.0,0.0,0.003012,0.006908500000000001,0.17267303251634974,0.1020408,0.0163934,0.0166667,0.0408163,0.24489799999999998,0.4375,0.5675676000000001,0.32280427781540155,0.2402331109134111,0.0,0.0,0.1127166184496195,0.5211892891888982,0.7528812185092952,0.8160017173173051,0.03831538880061735,0.9616846111993828,0.4350019183706205,0.5649980816293795,0.312336748827843,0.687663251172157,0.09629136689867751,0.37794719170050006,0.5257614414008224,0.3717260349988837,0.6282739650011163,Q3 2013,514663.0,0.938840296,10.26666667
19723.0,CHR2,0.0023,0.9948248097828054,0.9951334900000001,0.9920797,0.99252803,0.99366001,0.99627272,0.99682768,0.99699494,643.8055555555555,592.5,21.0,29.0,436.5,892.0,1091.0,1163.0,17.928571428571427,19.5,1.0,5.0,11.0,27.0,29.0,29.0,6.777777777777778,5.0,1.0,1.0,2.5,8.5,16.0,23.0,756021.00112396,650974.0,52080.0,106702.0,268814.0,1133013.0,1576978.0,1824389.0,4.2174140152526447e-07,0.0,0.0,0.0,0.0,0.0,0.0,0.0,0.4028563583333333,0.3670068,0.0208333,0.0612245,0.31139455000000005,0.5763888500000001,0.6666667000000001,0.9189189,0.3284931008446232,0.2714164546225615,0.0,0.03000028814291889,0.1754162976085031,0.4829544543876052,0.718103399673,0.7986577181208053,0.005559408487885636,0.9944405915121144,0.37696592764938813,0.6230340723506118,0.19101098458578492,0.8089890154142151,0.07353632072305868,0.3398957471084364,0.5865679321685049,0.321383028703103,0.678616971296897,Q4 2013,516015.0,0.65020382,10.2
19723.0,CHR8,0.1434,0.9466812474411017,0.95591292,0.86994152,0.89421158,0.9266278800000001,0.97757606,0.9910626,0.99499746,127.86848882611946,82.0,15.0,21.0,41.0,154.0,273.0,358.0,30.146321070234112,26.0,5.0,11.0,15.0,36.0,62.0,77.0,53.84447952147545,49.0,6.0,6.0,16.0,78.0,103.0,120.0,798955.2774515324,734381.0,93916.0,179216.0,406159.0,1128927.0,1486831.0,1689006.0,0.007661189501607681,0.0064412,0.00137835,0.0020855,0.0036641,0.0103093,0.015119549999999999,0.0185185,0.14501195017861643,0.1,0.0166667,0.0166667,0.0416667,0.1969697,0.3333333,0.45,0.14226616604519837,0.11425985134340351,0.0,0.0,0.0017470809189645633,0.182648401826484,0.3020940611053896,0.4147159072843471,0.0425088225858197,0.9574911774141803,0.6463747192813603,0.3536252807186397,0.6225537375681746,0.37744626243182544,0.16418030157202437,0.5453962143086301,0.2904234841193455,0.4444177093358999,0.5555822906641,Q4 2013,516015.0,0.65020382,10.2
19723.0,Totale,0.0161,0.9788119736468717,0.99346005,0.91326876,0.94114604,0.97713421,0.9981550100000001,0.9993084,0.99956111,648.2755459918677,314.0,26.0,46.0,106.0,823.0,1727.0,2452.0,911.8852800650604,470.0,21.0,29.0,77.0,1365.0,2493.0,3231.0,233.59098467170622,52.0,4.0,6.0,9.0,151.0,588.0,1210.0,693233.1498948142,573590.0,49973.0,98856.0,247231.0,1034833.0,1473001.0,1723281.0,0.0009218423072360016,0.0,0.0,0.0,0.0,0.0,0.0029211000000000003,0.0067835000000000005,0.17419737870605162,0.1041667,0.0163934,0.0166667,0.0408163,0.25,0.4444444,0.5694444,0.32406214318633536,0.24166666666666667,0.0,0.0,0.11228445395000668,0.5251098183545055,0.7566021662407204,0.8180991359708959,0.038446442782455584,0.9615535572175444,0.43687779322188997,0.5631222067781101,0.31089792935655874,0.6891020706434412,0.09603370623274735,0.3783537636530409,0.5256125301142117,0.37412964235917606,0.625870357640824,Q4 2013,516015.0,0.65020382,10.2
19813.0,CHR2,0.0023,0.99482924846374,0.99513892,0.99207994,0.99252952,0.99366332,0.99627479,0.99683215,0.99700007,671.7435897435897,602.0,119.0,273.0,385.0,917.0,1181.0,1253.0,14.25,14.0,0.0,6.0,11.0,21.0,26.0,26.0,6.564102564102564,6.0,1.0,1.0,3.0,9.0,12.0,16.0,768121.1465327528,671411.0,64086.0,123564.0,282800.0,1142572.5,1576523.0,1820153.0,4.891753545599701e-07,0.0,0.0,0.0,0.0,0.0,0.0,0.0,0.3621960256410256,0.36734690000000003,0.0208333,0.027777800000000002,0.2708333,0.4791667,0.5945946,0.6486486,0.32724071478208094,0.26997272727272725,0.0,0.02468855190801533,0.17466304347826087,0.4827586206896552,0.7209302325581395,0.8,0.005676611911945469,0.9943233880880545,0.3717622080679406,0.6282377919320594,0.1852944463068499,0.8147055536931501,0.07162811487317018,0.3367638842328752,0.5916080008939546,0.3281036987372891,0.6718963012627109,Q1 2014,515754.0,0.727003467,10.2
19813.0,CHR8,0.1408,0.9456388285318743,0.955005055,0.86791938,0.89157458,0.92472285,0.97723147,0.99088162,0.9947475,127.33513143248565,84.0,11.0,14.0,39.0,152.0,279.0,363.0,23.8710066305003,21.0,6.0,6.0,9.0,26.0,54.0,70.0,53.64406199160887,49.0,6.0,6.0,14.0,78.0,102.0,120.0,797115.2350226617,732669.0,86254.0,170477.0,403359.0,1135712.0,1473539.0,1681754.0,0.007556555232366502,0.0062629999999999995,0.0012338,0.0019443,0.0034843,0.010221,0.0152284,0.01875,0.15074901064303486,0.1020408,0.0166667,0.0166667,0.0416667,0.2040816,0.3541667,0.47222220000000004,0.14052166967138568,0.11373470144640871,0.0,0.0,7.680196613033293e-05,0.18120805369127516,0.3,0.4147158469945355,0.043271594820521224,0.9567284051794788,0.6494017374200951,0.35059826257990495,0.6215374528765776,0.37846254712342237,0.16538272414358304,0.5401573512538927,0.2944599246025242,0.4440255695787576,0.5559744304212424,Q1 2014,515754.0,0.727003467,10.2
19813.0,Totale,0.015700000000000002,0.9788823668083434,0.99342927,0.91326007,0.94102156,0.976986025,0.998153085,0.99931205,0.9995623,646.5092776253781,314.0,21.0,39.0,105.0,822.0,1725.0,2451.0,835.2836930112906,371.0,11.0,21.0,54.0,1212.0,2410.0,3160.0,231.89633537314484,52.0,4.0,6.0,9.0,149.0,581.0,1203.0,702235.0911513257,589072.5,58500.0,112135.0,253968.0,1042963.0,1471332.0,1720926.0,0.0009240876857821306,0.0,0.0,0.0,0.0,0.0,0.002924,0.006738999999999999,0.17552641580825762,0.1041667,0.0163934,0.0166667,0.0408163,0.25,0.44897960000000003,0.5714286000000001,0.32438516997324635,0.24027929024405867,0.0,0.0,0.11043763817046211,0.5292290901791505,0.7611845247572042,0.8204207285787584,0.03830048489014849,0.9616995151098515,0.43362539155473984,0.5663746084452602,0.30642765884313816,0.6935723411568618,0.09458708674626388,0.3744376636207004,0.5309752496330357,0.38083008523949424,0.6191699147605058,Q1 2014,515754.0,0.727003467,10.2
19904.0,CHR2,0.0024,0.9948184663864409,0.99513903,0.99207632,0.99252184,0.99366192,0.9962717,0.9968296,0.99699477,596.5384615384615,467.0,202.0,207.0,293.0,781.0,1236.0,1344.0,12.036363636363637,10.0,5.0,5.0,5.0,20.0,25.0,25.0,5.589743589743589,4.0,1.0,1.0,2.0,8.0,12.0,14.0,772569.511793279,677750.5,68242.0,124675.0,288006.0,1146153.0,1572573.0,1822568.0,5.836210126938031e-07,0.0,0.0,0.0,0.0,0.0,0.0,0.0,0.32464678205128206,0.3666667,0.0204082,0.0208333,0.25,0.4666667,0.5666667,0.6326531,0.3274519121000507,0.26997484838448316,0.0,0.023077209273728336,0.17483166165491165,0.4849972140784691,0.7222222222222222,0.8,0.005887356733524355,0.9941126432664756,0.37508954154727797,0.6249104584527221,0.18619045487106017,0.8138095451289398,0.07063708810888251,0.3380081482808023,0.5913547636103152,0.33347510744985676,0.6665248925501434,Q2 2014,516594.0,0.629351901,10.16666667
19904.0,CHR8,0.1364,0.945132595165761,0.954535775,0.86622433,0.8901310100000001,0.92462842,0.9771897,0.99073466,0.9947845000000001,128.87368056757225,84.0,14.0,20.0,41.0,151.0,273.0,375.0,26.012743628185905,21.0,5.0,5.0,10.0,31.0,61.0,76.0,53.40292438138086,49.0,6.0,7.0,14.0,78.0,101.0,119.0,804774.1656844028,750491.0,89529.0,169871.0,410912.0,1139943.0,1477840.0,1694044.0,0.0074963482606890544,0.0062499999999999995,0.0011186,0.0018762,0.0034843,0.010180999999999999,0.0150107,0.0185529,0.15027914440214737,0.1,0.0166667,0.0166667,0.0416667,0.2,0.35000000000000003,0.4693878,0.13814635163746258,0.11178893485858966,0.0,0.0,0.0,0.1805976050180574,0.2968654501004104,0.41432822328524616,0.044798283969969474,0.9552017160300305,0.6486263509611417,0.35137364903885815,0.6171107994389902,0.38288920056100983,0.16492038610675686,0.5376619090834089,0.29741770480983415,0.44080521409124657,0.5591947859087534,Q2 2014,516594.0,0.629351901,10.16666667
19904.0,Totale,0.015300000000000001,0.9790923701818937,0.9935341400000001,0.91342788,0.94117329,0.97712502,0.99819368,0.9993253400000001,0.9995752800000001,652.7087881432311,318.0,20.0,46.0,112.0,832.0,1749.0,2465.0,858.8773575441412,399.0,10.0,25.0,61.0,1239.0,2470.0,3195.0,232.02032875066166,52.0,4.0,6.0,9.0,147.0,583.0,1202.0,703765.6362760748,590811.0,61499.0,113064.0,253970.0,1045111.0,1470118.0,1721365.0,0.0008966805603179944,0.0,0.0,0.0,0.0,0.0,0.0027829,0.0065789,0.17615662066693702,0.1041667,0.0163934,0.0166667,0.0408163,0.25,0.44897960000000003,0.5714286000000001,0.3270102171352028,0.24390243902439024,0.0,0.0,0.11122542613241387,0.5370370370370371,0.765625,0.8224852071005917,0.03814892388315707,0.9618510761168428,0.43534679664537707,0.564653203354623,0.3043014506244667,0.6956985493755333,0.0940751083874193,0.37364354114412296,0.5322813504684578,0.3853485205009525,0.6146514794990475,Q2 2014,516594.0,0.629351901,10.16666667
19996.0,CHR2,0.0021,0.9948142163054092,0.99513456,0.99207387,0.99251418,0.99365597,0.99626693,0.9968304100000001,0.9969935,610.9166666666666,462.0,189.0,225.0,362.5,780.0,1212.0,1364.0,13.333333333333334,8.0,5.0,5.0,5.0,25.0,29.0,29.0,6.472222222222222,6.0,1.0,1.0,2.0,8.5,12.0,14.0,770210.0103282235,675684.5,63353.0,119704.0,287174.0,1138814.0,1566071.0,1824505.0,4.652431348780829e-07,0.0,0.0,0.0,0.0,0.0,0.0,0.0,0.38120505833333335,0.3772109,0.0166667,0.0408163,0.26041665,0.48958335,0.6486486,0.7083333,0.32674034704262506,0.2690281119605275,0.0,0.02272503885796726,0.17517517517517517,0.4843553356767782,0.7195175702207798,0.7980230309446731,0.005856581333273266,0.9941434186667267,0.38154501120634315,0.6184549887936569,0.18894232393652366,0.8110576760634762,0.07127008976337158,0.341889197986237,0.5868407122503914,0.34154005563752265,0.6584599443624773,Q3 2014,518403.0,0.398139784,10.36666667
19996.0,CHR8,0.1424,0.9457399894738187,0.954837725,0.86832084,0.89138405,0.9250507800000001,0.9773959,0.99100349,0.99484967,130.5351896139392,85.0,15.0,20.0,41.0,153.0,278.0,375.0,25.91401037805782,25.0,5.0,5.0,11.0,29.0,56.0,71.0,54.185001708233685,50.0,6.0,6.0,15.0,80.0,104.0,120.0,807869.2444737711,754373.0,83964.0,172014.0,414950.5,1139166.5,1480566.0,1699228.0,0.007630708924447364,0.0063593,0.0012993,0.002,0.0035821,0.0103137,0.0151724,0.018796999999999998,0.14689535385206948,0.1,0.0166667,0.0166667,0.0408163,0.2,0.35000000000000003,0.4666667,0.13828054061198528,0.11263041532007541,0.0,0.0,0.0,0.1811457142857143,0.2967668142288937,0.41471555457681863,0.04696994580390869,0.9530300541960913,0.6426342584989325,0.3573657415010675,0.6124979471177533,0.3875020528822467,0.16390211857447856,0.5417966825422894,0.29430119888323203,0.4444900640499261,0.5555099359500739,Q3 2014,518403.0,0.398139784,10.36666667
19996.0,Totale,0.0151,0.9792610407159293,0.99361502,0.91355966,0.94121256,0.9772212100000001,0.99824927,0.99934891,0.99959575,657.9221677716921,319.0,20.0,43.0,112.0,832.0,1790.0,2466.0,887.8463116910449,432.0,9.0,25.0,67.0,1270.0,2537.0,3267.0,231.2289852983569,52.0,4.0,6.0,8.0,146.0,584.0,1194.0,699286.711473979,587932.5,55880.0,105391.0,250801.0,1039790.0,1460246.0,1715111.0,0.0008753317446211445,0.0,0.0,0.0,0.0,0.0,0.0026954,0.0064309,0.1762564813586154,0.1069695,0.0163934,0.0166667,0.0408163,0.25,0.44897960000000003,0.5714286000000001,0.32884686964203397,0.24708857263689094,0.0,0.0,0.11173184357541899,0.5416665467712155,0.7677615839827696,0.8235294117647058,0.03790756602580373,0.9620924339741963,0.43969162862932193,0.560308371370678,0.3041037311731276,0.6958962688268724,0.09422793152847746,0.37596097174839854,0.529811096723124,0.39046320236440996,0.60953679763559,Q3 2014,518403.0,0.398139784,10.36666667
20088.0,CHR2,0.002,0.9948119104640868,0.99514274,0.9920702,0.9924991200000001,0.99364915,0.99626619,0.99683111,0.99699337,617.34375,499.0,338.0,350.0,392.5,680.0,965.0,1304.0,16.58695652173913,16.0,1.0,5.0,9.0,30.0,30.0,30.0,6.34375,6.0,1.0,1.0,4.0,8.0,10.0,12.0,775681.1763758799,678503.0,63882.0,121238.0,288040.0,1145894.0,1574397.0,1839903.0,3.4200068234491357e-07,0.0,0.0,0.0,0.0,0.0,0.0,0.0,0.40640175625,0.412415,0.0408163,0.25,0.325,0.5051020500000001,0.6216216,0.6486486,0.3249415084087244,0.2667399775286271,0.0,0.02222963652751565,0.17505286596552158,0.4805194805194805,0.71671388101983,0.7975503593481121,0.005790182956076837,0.9942098170439232,0.3844247504625294,0.6155752495374707,0.19201251684520682,0.8079874831547932,0.07118384687421483,0.3438592083323816,0.5849569447934035,0.34846166145131446,0.6515383385486855,Q4 2014,519315.0,0.277814969,10.5
20088.0,CHR8,0.142,0.9450453685839502,0.9541236399999999,0.86709853,0.89023791,0.9236778649999999,0.97666832,0.9909079999999999,0.9949695900000001,133.39385450407073,82.0,16.0,21.0,41.0,154.0,289.0,391.0,30.08003518029903,26.0,5.0,9.0,16.0,36.0,62.0,77.0,54.253260964720305,49.0,6.0,6.0,16.0,79.0,105.0,121.0,809733.8202675246,759265.0,87228.0,177787.0,424001.0,1136346.5,1476865.0,1694347.0,0.0075362194176401215,0.0063694,0.0012837,0.0019672,0.0035461,0.0102041,0.0148662,0.0185185,0.14679323296857588,0.1,0.0166667,0.0166667,0.0408163,0.2,0.3541667,0.4666667,0.138104816115004,0.11460633916313497,0.0,0.0,0.0,0.18164279724970653,0.2979950890409326,0.41471553398058253,0.04451188669701568,0.9554881133029843,0.6562131175181252,0.3437868824818749,0.6194570898668015,0.38054291013319846,0.1639689765638172,0.5503287809812848,0.285702242454898,0.4452031697858708,0.5547968302141292,Q4 2014,519315.0,0.277814969,10.5
20088.0,Totale,0.0148,0.9795238759762804,0.9938219400000001,0.913890885,0.941424295,0.977598205,0.99834793,0.99938637,0.99963226,661.3279135160336,324.0,26.0,44.0,112.0,832.0,1790.0,2477.0,913.8066408411732,467.0,21.0,30.0,77.0,1290.0,2568.0,3298.0,229.2971138015939,51.0,4.0,6.0,8.0,146.0,581.0,1183.0,697996.3618403571,585383.0,56276.0,104381.0,245030.0,1038127.0,1456191.0,1719101.0,0.0008558198873420269,0.0,0.0,0.0,0.0,0.0,0.0025963,0.0063425,0.17448375655483692,0.1041667,0.0163934,0.0166667,0.0408163,0.25,0.4444444,0.5675676000000001,0.3334871859829733,0.24749178961310364,0.0,0.0,0.11299435028248588,0.5529127732820673,0.7748508386806259,0.8296746743699134,0.037751229735904425,0.9622487702640956,0.44217077079181477,0.5578292292081852,0.30230802068830886,0.6976919793116911,0.09391256593808524,0.3752769989509972,0.5308104351109175,0.3936270398170574,0.6063729601829426,Q4 2014,519315.0,0.277814969,10.5
20178.0,CHR2,0.0019,0.9948197932934076,0.99515608,0.99207067,0.99249477,0.993646695,0.996268225,0.9968389400000001,0.99700393,526.4102564102565,481.0,155.0,155.0,343.0,617.0,967.0,1065.0,17.977272727272727,21.0,4.0,6.0,6.0,29.0,29.0,29.0,6.564102564102564,6.0,1.0,1.0,2.0,8.0,10.0,27.0,789589.7476733731,693797.0,61776.0,118813.0,292993.0,1169078.0,1601453.0,1867287.0,6.836160044977511e-07,0.0,0.0,0.0,0.0,0.0,0.0,0.0,0.35747778974358974,0.4081633,0.0166667,0.0208333,0.2708333,0.4791667,0.5918367,0.6486486,0.32078302132434244,0.2580455812321937,0.0,0.023989951236561113,0.17662408920212036,0.4683487623449427,0.7091564481360698,0.7945205479452054,0.0057125109536011,0.9942874890463989,0.3897041695783834,0.6102958304216166,0.19738666489190598,0.8026133351080941,0.07295375639191153,0.35207924306456806,0.5749670005435205,0.34422592703515137,0.6557740729648487,Q1 2015,522560.0,-0.240585425,10.36666667
20178.0,CHR8,0.1381,0.9445594632127747,0.95341644,0.8666256800000001,0.88892633,0.92265366,0.9764603900000001,0.99045939,0.99459551,125.72302375809936,78.0,11.0,15.0,34.0,147.0,279.0,365.0,27.753046303818035,26.0,6.0,6.0,15.0,29.0,54.0,70.0,52.326738660907125,48.0,6.0,6.0,11.0,78.0,102.0,119.0,815931.1871662217,768810.5,87293.0,180908.0,428173.5,1134075.5,1482050.0,1728529.0,0.007602579567648773,0.0062959,0.0012887,0.0019646,0.0034904000000000003,0.010274,0.0152439,0.019018999999999998,0.14811616466523156,0.1,0.0166667,0.0166667,0.0408163,0.2,0.3541667,0.4693878,0.136206384984499,0.11235955056179775,0.0,0.0,0.0,0.18118331234813273,0.2945930212649385,0.4133468500018432,0.04430064708810353,0.9556993529118966,0.6606935457109673,0.33930645428903267,0.6265140202422432,0.37348597975775677,0.16616890658702504,0.551932968309275,0.2818981251037,0.4497262319561971,0.5502737680438029,Q1 2015,522560.0,-0.240585425,10.36666667
20178.0,Totale,0.014499999999999999,0.9796894249643027,0.9938153900000001,0.9143764,0.94154494,0.9776047800000001,0.99836691,0.99941329,0.99964964,654.7070593167657,318.0,21.0,39.0,106.0,825.0,1791.0,2480.0,889.1376597836775,435.0,15.0,26.0,68.0,1247.0,2546.0,3272.0,226.79148776221248,50.0,4.0,6.0,8.0,142.0,578.0,1175.0,703483.5521709855,592449.5,53666.0,104379.0,243009.0,1049286.0,1467517.0,1730672.0,0.0008405026658559982,0.0,0.0,0.0,0.0,0.0,0.0025253,0.0061538,0.17783616963997986,0.1081081,0.0166667,0.0166667,0.0408163,0.25,0.45,0.5833333,0.3367985446109959,0.24749180339232119,0.0,0.0,0.12264570665875724,0.5562528543415964,0.7826382285015623,0.8373101952277657,0.03737992352410856,0.9626200764758914,0.45741080403311885,0.5425891959668812,0.3083802240391291,0.6916197759608709,0.09561351695837349,0.384833317789453,0.5195531652521735,0.3905244505238288,0.6094755494761712,Q1 2015,522560.0,-0.240585425,10.36666667
