TRIMESTRE,CHRONIQUE,DR,mean_1,median_1,p5_1,p10_1,p25_1,p75_1,p90_1,p95_1,mean_2,median_2,p5_2,p10_2,p25_2,p75_2,p90_2,p95_2,mean_3,median_3,p5_3,p10_3,p25_3,p75_3,p90_3,p95_3,mean_4,median_4,p5_4,p10_4,p25_4,p75_4,p90_4,p95_4,mean_5,median_5,p5_5,p10_5,p25_5,p75_5,p90_5,p95_5,mean_6,median_6,p5_6,p10_6,p25_6,p75_6,p90_6,p95_6,mean_7,median_7,p5_7,p10_7,p25_7,p75_7,p90_7,p95_7,mean_8,median_8,p5_8,p10_8,p25_8,p75_8,p90_8,p95_8,CD_TY_CLI_RCI_1,CD_TY_CLI_RCI_2,CD_ETA_CIV_1,CD_ETA_CIV_2,CD_MOD_HABI_1,CD_MOD_HABI_2,CD_PROF_1,CD_PROF_2,CD_PROF_3,CD_QUAL_VEH_1,CD_QUAL_VEH_2,dtf_per_trt,PIB,Inflation,Tx_cho
2008Q4,CHR2,0.30%,0.99484309,0.99519155,0.99208063,0.99252968,0.99369126,0.99625907,0.99686183,0.99702259,495,428,164,215,296,662,869,976,19,21,2,2,9,26,30,30,6,5,-3,-1,1,7,9,12,786008,739254,51392,111171,275370,1157353,1535001,1786452,0.0000014,0.0000000,0.0000000,0.0000000,0.0000000,0.0000000,0.0000000,0.0000000,0.2735659,0.3125000,0.0166667,0.0204082,0.0270270,0.4375000,0.5500000,0.6500000,0.2738111987,0.2307692308,-0.309994426,0,0.0927717042,0.4897959184,0.8014472291,0.8481012658,0.533%,99.467%,36.926%,63.074%,27.246%,72.754%,7.085%,35.122%,57.793%,39.213%,60.787%,Q42008,497736,1.760576189,7.8
2008Q4,CHR8,19.24%,0.94569391,0.95396814,0.87088877,0.89024642,0.92474267,0.97602398,0.99022910,0.99479265,147,92,16,21,46,164,301,478,33,26,9,9,16,46,67,77,58,46,6,7,15,80,112,138,877438,848259,65458,178644,475650,1199318,1559919,1843421,0.0074997,0.0062893,0.0000000,0.0016940,0.0034602,0.0103093,0.0149780,0.0186047,0.1129270,0.0612245,0.0000000,0.0000000,0.0166667,0.1500000,0.2972973,0.4285714,0.0904734674,0.0967741935,-0.132710971,0,0,0.1638797348,0.3000109613,0.464961198,4.827%,95.173%,64.012%,35.988%,67.925%,32.075%,18.176%,54.180%,27.644%,54.851%,45.149%,Q42008,497736,1.760576189,7.8
2008Q4,Totale,2.40%,0.97511402,0.99381902,0.90917310,0.94077331,0.97835811,0.99813277,0.99922394,0.99953871,563,291,30,51,107,742,1402,1965,653,276,16,26,56,991,1791,2351,219,49,5,6,9,153,611,1165,728512,644592,47750,101062,250182,1080543,1473114,1738923,0.0010929,0.0000000,0.0000000,0.0000000,0.0000000,0.0000000,0.0035842,0.0079365,0.1553287,0.0833333,0.0000000,0.0166667,0.0327869,0.2166667,0.4166667,0.5416667,0.2797729641,0.1923076923,-0.049377961,0,0.0300745489,0.5429346863,0.7995456368,0.8461538462,4.511%,95.489%,41.879%,58.121%,34.329%,65.671%,10.289%,37.072%,52.639%,45.114%,54.886%,Q42008,497736,1.760576189,7.8
2009Q1,CHR2,0.25%,0.99478210,0.99519150,0.99209688,0.99257854,0.99369442,0.99627469,0.99686183,0.99702544,515,467,182,202,254,660,918,1066,17,15,6,6,11,26,29,29,5,5,-1,0,1,6,9,13,787928,740867,54512,123439,300091,1145193,1520862,1775100,0.0000014,0.0000000,0.0000000,0.0000000,0.0000000,0.0000000,0.0000000,0.0000000,0.2597931,0.2988946,0.0166667,0.0204082,0.0274024,0.4000000,0.5333333,0.6166667,0.2763666327,0.2318625016,-0.260346816,0,0.1,0.4809697232,0.7921718046,0.8425692695,0.501%,99.499%,35.910%,64.090%,26.187%,73.813%,6.823%,34.280%,58.897%,37.666%,62.334%,Q12009,489227,0.624887123,8.6
2009Q1,CHR8,14.36%,0.94778666,0.95641713,0.87088877,0.89332847,0.92744727,0.97898765,0.99173514,0.99565583,136,78,11,15,39,152,294,441,31,26,6,6,11,43,70,78,57,49,6,7,15,83,111,132,873307,841222,73833,179502,479087,1181337,1546179,1843618,0.0074860,0.0062035,0.0000000,0.0016826,0.0034130,0.0102389,0.0152672,0.0188679,0.1126933,0.0625000,0.0000000,0.0000000,0.0166667,0.1500000,0.2972973,0.4098361,0.0980333376,0.1,-0.115865041,0,0,0.16388,0.3076923077,0.4868595198,5.147%,94.853%,62.686%,37.314%,65.355%,34.645%,17.730%,53.290%,28.980%,54.393%,45.607%,Q12009,489227,0.624887123,8.6
2009Q1,Totale,1.98%,0.97548780,0.99391019,0.91085992,0.94196627,0.97866054,0.99815480,0.99921294,0.99953092,563,279,21,43,106,737,1436,2014,642,264,11,26,60,949,1801,2359,234,55,5,6,10,170,667,1235,728554,648857,50248,107515,257285,1066920,1456722,1725643,0.0011502,0.0000000,0.0000000,0.0000000,0.0000000,0.0000000,0.0038023,0.0083011,0.1521602,0.0833333,0.0000000,0.0000000,0.0273973,0.2162162,0.4081633,0.5416667,0.2828468066,0.1994816282,0,0,0.0469165829,0.5390040299,0.7916666667,0.8412698413,4.352%,95.648%,41.001%,58.999%,33.479%,66.521%,9.935%,36.397%,53.669%,43.663%,56.337%,Q12009,489227,0.624887123,8.6
2009Q2,CHR2,0.26%,0.99479856,0.99517627,0.99210853,0.99259131,0.99369126,0.99627548,0.99686408,0.99703803,575,494,243,273,363,716,1066,1121,16,15,5,5,5,26,28,28,7,6,0,0,2,7,11,16,786537,734229,63414,130995,323419,1133081,1512585,1771888,0.0000009,0.0000000,0.0000000,0.0000000,0.0000000,0.0000000,0.0000000,0.0000000,0.2901499,0.3145834,0.0166667,0.0208333,0.0342971,0.4110361,0.5833333,0.6333333,0.2798716986,0.2364369007,-0.189225423,0,0.1017960645,0.4706208065,0.7810218978,0.8376842949,0.489%,99.511%,36.230%,63.770%,26.033%,73.967%,6.692%,34.635%,58.673%,37.230%,62.770%,Q22009,488744,-0.206626291,9.133333333
2009Q2,CHR8,14.18%,0.94964701,0.95820136,0.87372901,0.89653278,0.92921185,0.98014267,0.99227452,0.99578339,134,85,13,17,41,155,279,411,31,25,5,5,8,46,64,81,59,52,6,7,19,86,114,135,867395,834270,90080,197037,490251,1157035,1527097,1809352,0.0076209,0.0062598,0.0000000,0.0018132,0.0034632,0.0104239,0.0155039,0.0191507,0.1211066,0.0666667,0.0000000,0.0000000,0.0204082,0.1666667,0.3055556,0.4324324,0.1039061349,0.1,-0.018333723,0,0,0.1678227791,0.3066257387,0.4858657244,5.384%,94.616%,62.811%,37.189%,64.054%,35.946%,17.525%,53.431%,29.044%,53.479%,46.521%,Q22009,488744,-0.206626291,9.133333333
2009Q2,Totale,1.90%,0.97553775,0.99382807,0.91203289,0.94206098,0.97837730,0.99814750,0.99921040,0.99951637,576,288,20,41,106,746,1481,2085,685,324,12,25,64,1009,1872,2429,244,62,5,6,10,180,698,1281,725474,646542,54479,115953,268906,1051729,1446145,1722820,0.0011704,0.0000000,0.0000000,0.0000000,0.0000000,0.0000000,0.0039194,0.0085227,0.1532405,0.0833333,0.0000000,0.0000000,0.0277778,0.2162162,0.4081633,0.5500000,0.2861058714,0.2012222725,0,0,0.0694130799,0.5356552772,0.7841726619,0.8358862144,4.274%,95.726%,41.263%,58.737%,33.516%,66.484%,9.861%,36.669%,53.469%,43.130%,56.870%,Q22009,488744,-0.206626291,9.133333333
2009Q3,CHR2,0.26%,0.99479559,0.99514714,0.99210343,0.99258725,0.99367946,0.99627254,0.99686183,0.99702543,553,552,133,365,409,632,803,1040,15,15,5,5,5,23,30,30,8,6,0,1,4,7,12,16,777256,718643,62521,125361,320009,1118992,1510580,1776162,0.0000006,0.0000000,0.0000000,0.0000000,0.0000000,0.0000000,0.0000000,0.0000000,0.3545473,0.3401361,0.0166667,0.0277778,0.2833333,0.5000000,0.5833333,0.6333333,0.2860549168,0.2442645074,-0.042799225,0,0.108656284,0.4676230483,0.7743173099,0.8338962405,0.492%,99.508%,35.744%,64.256%,25.371%,74.629%,6.602%,34.203%,59.195%,36.699%,63.301%,Q32009,489557,-0.42324655,9.166666667
2009Q3,CHR8,15.20%,0.95088145,0.95863796,0.87780861,0.90145580,0.93066962,0.98002610,0.99218584,0.99565326,129,82,13,15,41,148,274,380,30,23,5,5,9,41,65,82,59,52,6,7,19,85,112,135,872351,838602,99669,210199,506695,1147873,1521460,1808594,0.0078672,0.0065147,0.0009519,0.0019815,0.0036232,0.0106952,0.0158589,0.0196078,0.1237793,0.0694444,0.0000000,0.0000000,0.0208333,0.1666667,0.3166667,0.4324324,0.1051406512,0.1,0,0,0,0.1774374469,0.3012923608,0.448,5.428%,94.572%,62.368%,37.632%,63.926%,36.074%,17.480%,53.577%,28.942%,53.293%,46.707%,Q32009,489557,-0.42324655,9.166666667
2009Q3,Totale,1.88%,0.97586000,0.99382807,0.91326913,0.94236377,0.97844156,0.99818153,0.99921746,0.99951637,588,303,20,41,103,756,1533,2146,749,411,13,23,77,1109,1969,2527,253,65,5,6,10,191,727,1328,717783,634839,54479,107924,269788,1038181,1444098,1733956,0.0011899,0.0000000,0.0000000,0.0000000,0.0000000,0.0000000,0.0040889,0.0086817,0.1549548,0.0833333,0.0000000,0.0136986,0.0277778,0.2166667,0.4166667,0.5500000,0.293248426,0.2079002079,0,0,0.0947724046,0.5417888563,0.782008429,0.8333333333,4.160%,95.840%,40.991%,59.009%,33.097%,66.903%,9.696%,36.432%,53.872%,42.542%,57.458%,Q32009,489557,-0.42324655,9.166666667
2009Q4,CHR2,0.25%,0.99478921,0.99512622,0.99210126,0.99259131,0.99366532,0.99626600,0.99686035,0.99701303,556,588,10,44,465,691,864,895,11,10,3,3,3,16,24,24,6,6,1,1,2,7,10,13,782021,718194,69270,130055,339519,1114743,1523619,1796635,0.0000004,0.0000000,0.0000000,0.0000000,0.0000000,0.0000000,0.0000000,0.0000000,0.4073357,0.3979167,0.0166667,0.0204082,0.2875000,0.5305556,0.8378378,1.0000000,0.2918203936,0.2474918486,0,0,0.12,0.4595561836,0.7619047619,0.8285714286,0.444%,99.556%,35.551%,64.449%,24.648%,75.352%,6.531%,33.860%,59.609%,35.228%,64.772%,Q42009,492638,0.36461126,9.533333333
2009Q4,CHR8,15.25%,0.95017754,0.95792452,0.87928535,0.90150147,0.93077916,0.97918635,0.99161589,0.99524846,131,87,16,21,36,154,281,386,30,24,3,3,10,44,66,80,58,51,6,7,16,84,112,134,864337,826318,96745,209134,510232,1135760,1525258,1820393,0.0078402,0.0065135,0.0000000,0.0019608,0.0036755,0.0106081,0.0157480,0.0195313,0.1246329,0.0810811,0.0000000,0.0000000,0.0277778,0.1666667,0.3055556,0.4210526,0.1070705261,0.1000173631,0,0,0,0.1783598488,0.3,0.4448346503,5.001%,94.999%,63.204%,36.796%,65.110%,34.890%,17.075%,54.603%,28.322%,52.926%,47.074%,Q42009,492638,0.36461126,9.533333333
2009Q4,Totale,1.86%,0.97665391,0.99388895,0.91567784,0.94380968,0.97896483,0.99820207,0.99923708,0.99952656,597,304,21,41,107,757,1553,2182,783,467,16,31,80,1152,2035,2578,261,66,5,6,10,199,759,1379,716825,632637,58056,111404,280138,1029350,1445765,1745339,0.0011615,0.0000000,0.0000000,0.0000000,0.0000000,0.0000000,0.0039526,0.0085256,0.1559360,0.0833333,0.0000000,0.0138889,0.0277778,0.2166667,0.4166667,0.5500000,0.3019577807,0.2181818182,0,0,0.1,0.5457199075,0.7777777778,0.8305084746,4.034%,95.966%,40.805%,59.195%,32.639%,67.361%,9.492%,36.277%,54.231%,41.086%,58.914%,Q42009,492638,0.36461126,9.533333333
2010Q1,CHR2,0.24%,0.99479364,0.99512302,0.99210861,0.99259758,0.99365461,0.99626856,0.99686183,0.99701433,643,627,345,370,435,761,962,1117,15,9,6,6,6,26,30,30,7,6,1,1,4,7,12,21,774782,707964,69270,132049,345333,1097045,1515253,1784585,0.0000004,0.0000000,0.0000000,0.0000000,0.0000000,0.0000000,0.0000000,0.0000000,0.3858034,0.3895833,0.0166667,0.0268708,0.2875000,0.5208334,0.6416667,0.7104167,0.2947816387,0.2474925151,0,0.0099498068,0.1275469534,0.4520547945,0.747694704,0.8201843111,0.436%,99.564%,36.032%,63.968%,24.411%,75.589%,6.525%,34.303%,59.172%,34.608%,65.392%,Q12010,495051,1.324574628,9.366666667
2010Q1,CHR8,15.08%,0.95083329,0.95852282,0.88015084,0.90216279,0.93148963,0.97944784,0.99175830,0.99521791,127,79,9,16,34,147,289,386,29,26,6,6,9,34,58,72,58,51,6,7,17,84,112,133,850006,810214,88063,206486,508984,1118099,1502007,1798863,0.0079627,0.0066924,0.0007819,0.0019743,0.0037175,0.0107130,0.0159363,0.0198171,0.1294917,0.0816327,0.0000000,0.0138889,0.0327869,0.1833333,0.3166667,0.4426230,0.111754035,0.1005840562,0,0,0.0000431872,0.1788953215,0.3012928079,0.4392982397,4.993%,95.007%,63.953%,36.047%,64.897%,35.103%,16.775%,54.612%,28.612%,51.801%,48.199%,Q12010,495051,1.324574628,9.366666667
2010Q1,Totale,1.84%,0.97748234,0.99391021,0.91801499,0.94504407,0.97926306,0.99820822,0.99925337,0.99953488,585,294,21,37,100,731,1515,2181,758,456,9,26,65,1112,2023,2588,253,63,5,6,10,187,715,1353,706748,623018,58556,112813,279244,1009070,1428383,1728098,0.0011293,0.0000000,0.0000000,0.0000000,0.0000000,0.0000000,0.0037700,0.0083125,0.1578666,0.0833333,0.0000000,0.0138889,0.0277778,0.2222222,0.4166667,0.5555556,0.3082701192,0.2281112442,0,0,0.1,0.5481927711,0.7727272727,0.8264893002,3.931%,96.069%,41.268%,58.732%,32.650%,67.350%,9.399%,36.737%,53.865%,40.430%,59.570%,Q12010,495051,1.324574628,9.366666667
2010Q2,CHR2,0.25%,0.99482201,0.99507895,0.99209484,0.99257803,0.99361761,0.99625008,0.99685264,0.99700754,582,526,247,345,421,761,887,1045,14,9,5,5,5,23,30,30,7,6,-1,1,4,7,15,21,775694,702073,73627,137730,347041,1097161,1524699,1793526,0.0000004,0.0000000,0.0000000,0.0000000,0.0000000,0.0000000,0.0000000,0.0000000,0.3798839,0.3895833,0.0166667,0.0540541,0.2916667,0.5000000,0.6333333,0.6756757,0.2982584342,0.2493125934,0,0.0197229397,0.137755102,0.4461538462,0.7289238276,0.8116997238,0.453%,99.547%,36.491%,63.509%,24.067%,75.933%,6.627%,34.670%,58.703%,33.870%,66.130%,Q22010,498121,1.613594174,9.266666667
2010Q2,CHR8,15.58%,0.95151023,0.95888192,0.88226956,0.90412306,0.93220220,0.97952073,0.99183660,0.99542799,123,76,15,15,36,145,273,380,28,23,5,5,9,30,61,79,57,51,6,7,17,83,109,130,844158,797926,106492,228037,513251,1102969,1498247,1785363,0.0080745,0.0068027,0.0010989,0.0020747,0.0038132,0.0109290,0.0160550,0.0198570,0.1334075,0.0833333,0.0000000,0.0166667,0.0333333,0.1833333,0.3333333,0.4500000,0.1203604573,0.1020408163,0,0,0.0082735797,0.1794890478,0.3012927783,0.446396939,5.057%,94.943%,64.076%,35.924%,64.821%,35.179%,16.527%,54.855%,28.618%,50.845%,49.155%,Q22010,498121,1.613594174,9.266666667
2010Q2,Totale,1.84%,0.97751920,0.99381902,0.91896578,0.94539617,0.97916753,0.99820713,0.99925337,0.99953687,591,296,20,36,100,730,1542,2227,783,485,9,23,65,1147,2084,2654,255,63,5,6,10,187,714,1365,702707,615315,62561,117860,279244,1000000,1431240,1725932,0.0011084,0.0000000,0.0000000,0.0000000,0.0000000,0.0000000,0.0037313,0.0082229,0.1587513,0.0833333,0.0000000,0.0138889,0.0333333,0.2222222,0.4166667,0.5510204,0.3141044016,0.2320266482,0,0,0.1010491277,0.5498372482,0.7679901697,0.8233007421,3.869%,96.131%,41.755%,58.245%,32.742%,67.258%,9.360%,37.199%,53.441%,39.584%,60.416%,Q22010,498121,1.613594174,9.266666667
2010Q3,CHR2,0.24%,0.99481915,0.99506622,0.99209484,0.99256652,0.99360182,0.99624518,0.99685203,0.99700754,550,525,204,217,397,651,979,1020,11,10,3,3,3,20,24,24,5,5,0,1,2,7,7,15,766816,687352,70251,134569,340631,1083960,1515780,1781467,0.0000006,0.0000000,0.0000000,0.0000000,0.0000000,0.0000000,0.0000000,0.0000000,0.3323511,0.3416667,0.0166667,0.0208333,0.1416667,0.5000000,0.6041667,0.6500000,0.3029226281,0.2529215359,0,0.0250334523,0.1481152337,0.4438264739,0.7196261682,0.8064516129,0.429%,99.571%,36.695%,63.305%,23.701%,76.299%,6.674%,34.766%,58.559%,33.799%,66.201%,Q32010,500437,1.543022467,9.166666667
2010Q3,CHR8,14.88%,0.95141394,0.95856852,0.88474170,0.90542403,0.93220220,0.97914371,0.99144878,0.99540762,127,80,15,20,36,148,268,385,28,24,3,3,10,41,62,77,56,49,6,7,16,82,108,127,835416,782174,113837,232891,513483,1086461,1495867,1764590,0.0080726,0.0068182,0.0008865,0.0020704,0.0037688,0.0109489,0.0159744,0.0195258,0.1334087,0.0833333,0.0000000,0.0166667,0.0333333,0.1833333,0.3333333,0.4489796,0.1222700478,0.102720891,0,0,0.0133360011,0.1793484169,0.3015075377,0.4392983086,4.736%,95.264%,63.673%,36.327%,64.997%,35.003%,16.481%,55.518%,28.001%,50.277%,49.723%,Q32010,500437,1.543022467,9.166666667
2010Q3,Totale,1.80%,0.97785911,0.99373322,0.91927374,0.94571432,0.97913957,0.99819196,0.99925337,0.99953773,596,297,20,41,107,745,1548,2242,813,518,15,24,77,1188,2135,2715,253,62,5,6,10,183,703,1361,694640,603683,57229,109935,270891,990735,1429472,1717024,0.0010949,0.0000000,0.0000000,0.0000000,0.0000000,0.0000000,0.0036664,0.0081633,0.1591844,0.0833333,0.0000000,0.0163934,0.0333333,0.2235294,0.4166667,0.5510204,0.3176705377,0.2357712076,0,0,0.1036552293,0.5474885615,0.7654371665,0.8213222156,3.830%,96.170%,42.148%,57.852%,32.881%,67.119%,9.364%,37.563%,53.072%,39.454%,60.546%,Q32010,500437,1.543022467,9.166666667
2010Q4,CHR2,0.21%,0.99483022,0.99508475,0.99209484,0.99255692,0.99360365,0.99625996,0.99684835,0.99700754,548,524,199,263,346,699,960,1055,12,11,1,4,4,21,25,25,5,5,0,1,2,7,8,11,765330,676982,68968,134107,331349,1085244,1526577,1799023,0.0000006,0.0000000,0.0000000,0.0000000,0.0000000,0.0000000,0.0000000,0.0000000,0.3040895,0.3166667,0.0166667,0.0208333,0.0686937,0.4541667,0.6041667,0.6333333,0.3101719647,0.2566287997,0,0.0347179641,0.1562578261,0.4481327801,0.7172735409,0.805137865,0.435%,99.565%,35.212%,64.788%,22.132%,77.868%,6.457%,33.223%,60.320%,31.560%,68.440%,Q42010,503500,1.64191331,9.2
2010Q4,CHR8,14.92%,0.95088322,0.95803667,0.88512253,0.90509040,0.93157289,0.97868154,0.99136957,0.99525696,124,81,11,16,36,148,269,360,28,24,4,4,11,39,67,77,56,50,5,6,16,83,108,125,827666,769588,108966,230867,503373,1070949,1497915,1773150,0.0080731,0.0068621,0.0007252,0.0021164,0.0038168,0.0109091,0.0158557,0.0195531,0.1331864,0.0833333,0.0000000,0.0166667,0.0333333,0.1833333,0.3265306,0.4375000,0.1237158771,0.1040580499,0,0,0.0137348649,0.1797039604,0.2953937044,0.433427762,4.931%,95.069%,64.282%,35.718%,65.477%,34.523%,16.454%,54.982%,28.564%,49.869%,50.131%,Q42010,503500,1.64191331,9.2
2010Q4,Totale,1.66%,0.97847871,0.99390456,0.91954083,0.94614156,0.97944784,0.99821152,0.99925337,0.99953953,602,301,21,39,107,781,1563,2268,826,513,11,25,72,1213,2181,2766,252,62,4,6,10,183,692,1355,695345,600000,56669,109125,272836,991123,1443144,1724420,0.0010695,0.0000000,0.0000000,0.0000000,0.0000000,0.0000000,0.0035762,0.0079365,0.1604714,0.0833333,0.0000000,0.0166667,0.0333333,0.2244898,0.4166667,0.5500000,0.3214396138,0.2390825819,0,0.0001049098,0.1063829787,0.5439256599,0.7627239293,0.8203592814,3.751%,96.249%,40.612%,59.388%,31.426%,68.574%,8.998%,36.165%,54.836%,37.165%,62.835%,Q42010,503500,1.64191331,9.2
2011Q1,CHR2,0.20%,0.99484695,0.99509963,0.99209484,0.99255870,0.99361354,0.99627551,0.99686035,0.99702642,608,604,52,310,465,773,1015,1055,15,16,1,6,6,21,24,24,6,6,1,2,4,7,10,12,757795,664869,70251,144810,323304,1075555,1513410,1785897,0.0000003,0.0000000,0.0000000,0.0000000,0.0000000,0.0000000,0.0000000,0.0000000,0.3840954,0.3819445,0.0166667,0.1333334,0.2972973,0.4666667,0.5770834,0.6734694,0.3164974547,0.2608695652,0,0.0566037736,0.1594412966,0.4545454545,0.7161898699,0.8027613412,0.431%,99.569%,36.473%,63.527%,22.142%,77.858%,6.745%,34.098%,59.157%,30.999%,69.001%,Q12011,508939,1.79615262,9.166666667
2011Q1,CHR8,14.82%,0.95055743,0.95805476,0.88439249,0.90388615,0.93152536,0.97877433,0.99116393,0.99529695,121,79,10,16,34,141,269,350,26,21,6,6,10,31,55,70,55,49,6,6,17,82,107,124,827345,760275,105415,227651,503975,1073360,1518365,1770531,0.0081566,0.0069252,0.0008772,0.0021164,0.0038610,0.0110396,0.0160932,0.0196560,0.1330072,0.0833333,0.0138889,0.0166667,0.0333333,0.1833333,0.3243243,0.4426230,0.1314378356,0.1068804552,0,0,0.0204323598,0.1803937362,0.3012925063,0.4342581423,4.956%,95.044%,64.128%,35.872%,64.345%,35.655%,16.327%,54.301%,29.373%,48.422%,51.578%,Q12011,508939,1.79615262,9.166666667
2011Q1,Totale,1.70%,0.97839391,0.99378820,0.91896578,0.94536780,0.97913487,0.99819100,0.99925337,0.99953871,606,304,21,38,106,784,1567,2287,824,476,10,24,65,1212,2207,2790,249,61,4,6,9,178,681,1341,694520,597724,57229,116720,276805,985609,1441227,1717767,0.0010443,0.0000000,0.0000000,0.0000000,0.0000000,0.0000000,0.0034335,0.0078125,0.1606439,0.0833333,0.0000000,0.0166667,0.0333333,0.2244898,0.4166667,0.5500000,0.3240249,0.2445113404,0,0.0057803468,0.1087695445,0.5392242219,0.7597539881,0.8189007274,3.747%,96.253%,41.830%,58.170%,31.994%,68.006%,9.250%,37.241%,53.509%,36.896%,63.104%,Q12011,508939,1.79615262,9.166666667
2011Q2,CHR2,0.18%,0.99482402,0.99506667,0.99209403,0.99253034,0.99359667,0.99626371,0.99684434,0.99700754,515,461,79,160,365,705,880,1006,13,13,3,3,3,20,24,24,6,6,1,2,3,8,11,13,756978,653991,76423,149633,307473,1079849,1525405,1802449,0.0000006,0.0000000,0.0000000,0.0000000,0.0000000,0.0000000,0.0000000,0.0000000,0.3718687,0.3631757,0.0208333,0.0576393,0.2576531,0.4765766,0.5889640,0.7232545,0.3196652201,0.2638797148,0,0.0625,0.162078307,0.4577881204,0.7163172864,0.8024561288,0.462%,99.538%,37.234%,62.766%,22.043%,77.957%,6.918%,34.525%,58.558%,30.921%,69.079%,Q22011,508710,2.065767285,9.1
2011Q2,CHR8,15.54%,0.95027482,0.95797176,0.88487756,0.90316353,0.93066955,0.97874809,0.99114062,0.99525696,122,80,10,16,36,140,268,350,27,20,3,3,10,36,59,76,55,49,6,7,14,81,107,123,821804,752515,106535,229454,491946,1080073,1501087,1759365,0.0081157,0.0069156,0.0000000,0.0020243,0.0038610,0.0110396,0.0159046,0.0195122,0.1329897,0.0833333,0.0166667,0.0166667,0.0333333,0.1833333,0.3225806,0.4333333,0.135437153,0.1080002158,0,0,0.0216825672,0.1811024335,0.3043530495,0.4358627904,4.534%,95.466%,64.839%,35.161%,63.977%,36.023%,16.884%,54.838%,28.278%,48.659%,51.341%,Q22011,508710,2.065767285,9.1
2011Q2,Totale,1.73%,0.97842006,0.99363224,0.91822719,0.94471579,0.97869677,0.99814390,0.99925337,0.99953871,605,309,20,41,107,780,1553,2288,815,436,10,24,59,1218,2201,2789,244,59,4,6,10,174,660,1313,696979,594237,65827,125329,271583,989955,1451470,1725169,0.0010293,0.0000000,0.0000000,0.0000000,0.0000000,0.0000000,0.0033925,0.0077220,0.1602347,0.0972222,0.0000000,0.0166667,0.0333333,0.2244898,0.4166667,0.5416667,0.3243668249,0.2463964519,0,0.0099765551,0.1099827694,0.5333745604,0.757212803,0.8181818182,3.749%,96.251%,42.430%,57.570%,32.221%,67.779%,9.393%,37.714%,52.892%,36.982%,63.018%,Q22011,508710,2.065767285,9.1
2011Q3,CHR2,0.18%,0.99482640,0.99507812,0.99209484,0.99253645,0.99360583,0.99626215,0.99684074,0.99700754,530,487,193,227,340,679,956,988,16,18,4,4,10,25,25,25,6,4,1,1,2,7,10,12,740190,633169,73079,132767,293847,1059786,1516970,1794181,0.0000007,0.0000000,0.0000000,0.0000000,0.0000000,0.0000000,0.0000000,0.0000000,0.3219085,0.3469388,0.0204082,0.0277778,0.2162162,0.4285714,0.5625000,0.6122449,0.3234373504,0.2670614134,0,0.0756878108,0.1638797619,0.4637607881,0.7178379332,0.802707835,0.448%,99.552%,37.565%,62.435%,21.917%,78.083%,7.026%,34.544%,58.429%,30.713%,69.287%,Q32011,510179,2.138661226,9.2
2011Q3,CHR8,15.85%,0.94974400,0.95770213,0.88232185,0.90175513,0.92999860,0.97835807,0.99096053,0.99510811,119,81,10,15,31,143,256,332,26,18,4,4,8,31,60,77,54,49,6,6,14,81,106,121,822616,748573,130896,243679,492022,1077382,1509406,1751209,0.0080592,0.0068004,0.0009191,0.0020833,0.0038462,0.0109290,0.0158610,0.0193492,0.1376359,0.0833333,0.0166667,0.0166667,0.0408163,0.1836735,0.3265306,0.4489796,0.1380930161,0.1100016923,0,0,0.0221317872,0.1846376637,0.3082756896,0.4382022472,4.486%,95.514%,64.521%,35.479%,64.264%,35.736%,16.694%,54.980%,28.326%,47.508%,52.492%,Q32011,510179,2.138661226,9.2
2011Q3,Totale,1.74%,0.97847081,0.99364454,0.91770667,0.94430296,0.97861350,0.99814772,0.99925337,0.99954346,611,309,18,36,107,792,1563,2314,846,462,10,25,67,1268,2247,2861,242,59,4,6,9,171,646,1299,685902,579387,60784,111066,261956,976592,1439569,1718836,0.0010173,0.0000000,0.0000000,0.0000000,0.0000000,0.0000000,0.0033784,0.0075909,0.1617355,0.1000000,0.0000000,0.0166667,0.0333333,0.2244898,0.4166667,0.5416667,0.3262414216,0.2474914525,0,0.0155564274,0.1117100008,0.5330811972,0.7554115201,0.8181818182,3.735%,96.265%,42.576%,57.424%,32.123%,67.877%,9.416%,37.711%,52.873%,36.607%,63.393%,Q32011,510179,2.138661226,9.2
2011Q4,CHR2,0.19%,0.99481213,0.99506622,0.99209061,0.99253252,0.99359920,0.99624908,0.99682990,0.99700422,616,569,285,340,437,740,1048,1187,13,11,5,5,5,19,26,26,6,6,1,2,4,7,10,14,735080,623500,64804,121131,286472,1059015,1527774,1800000,0.0000004,0.0000000,0.0000000,0.0000000,0.0000000,0.0000000,0.0000000,0.0000000,0.3325359,0.3469388,0.0204082,0.0204082,0.2653061,0.4285714,0.5510204,0.6000000,0.3266410113,0.2684567114,0,0.086817545,0.1676001062,0.4671152337,0.7196261682,0.8026315789,0.455%,99.545%,38.190%,61.810%,21.833%,78.167%,7.210%,34.985%,57.805%,30.587%,69.413%,Q42011,511348,2.442357558,9.366666667
2011Q4,CHR8,15.30%,0.94873205,0.95669121,0.88082437,0.90028735,0.92901920,0.97777937,0.99089922,0.99493031,123,82,16,19,36,148,270,335,29,19,5,5,11,36,61,75,55,49,6,6,14,81,106,121,812220,738147,124470,233936,485444,1072280,1483612,1721390,0.0080036,0.0067618,0.0011751,0.0021459,0.0037855,0.0108696,0.0157978,0.0192644,0.1362084,0.0833333,0.0166667,0.0166667,0.0408163,0.1836735,0.3166667,0.4324324,0.1391574327,0.1096843568,0,0,0.0224768593,0.1826326404,0.3053033347,0.4299166158,4.451%,95.549%,64.601%,35.399%,63.948%,36.052%,16.657%,55.564%,27.778%,46.921%,53.079%,Q42011,511348,2.442357558,9.366666667
2011Q4,Totale,1.70%,0.97852243,0.99358836,0.91702763,0.94371513,0.97837317,0.99813813,0.99925337,0.99954727,618,309,19,40,107,807,1563,2334,871,481,16,26,75,1315,2298,2912,240,57,4,6,9,167,631,1278,683813,570300,55810,102936,260699,976774,1447209,1726093,0.0009840,0.0000000,0.0000000,0.0000000,0.0000000,0.0000000,0.0031646,0.0073155,0.1629781,0.1000000,0.0000000,0.0166667,0.0333333,0.2291667,0.4166667,0.5416667,0.328641124,0.2474915536,0,0.0180001734,0.1144950767,0.5337925097,0.7563827714,0.8192771084,3.741%,96.259%,43.249%,56.751%,32.408%,67.592%,9.562%,38.225%,52.214%,36.415%,63.585%,Q42011,511348,2.442357558,9.366666667
2012Q1,CHR2,0.18%,0.99481494,0.99507167,0.99208743,0.99253543,0.99360993,0.99625128,0.99683146,0.99700754,586,565,306,367,423,695,865,975,15,16,5,5,11,19,26,26,6,6,1,3,4,7,8,12,735929,618855,59472,129423,284991,1062296,1534408,1804110,0.0000004,0.0000000,0.0000000,0.0000000,0.0000000,0.0000000,0.0000000,0.0000000,0.3362311,0.3484694,0.0204082,0.2500000,0.2677882,0.4226191,0.4833333,0.5000000,0.3275266719,0.2690285572,0,0.0768169954,0.1712309023,0.469043152,0.7201557799,0.8015283639,0.477%,99.523%,37.722%,62.278%,21.151%,78.849%,7.209%,34.640%,58.151%,30.404%,69.596%,Q12012,510968,2.314331454,9.5
2012Q1,CHR8,14.99%,0.94826740,0.95609085,0.87961002,0.90010700,0.92838791,0.97777937,0.99085194,0.99511008,122,75,11,16,33,145,270,346,32,26,5,8,16,40,61,75,54,49,5,6,13,81,105,120,802081,719525,117733,225381,462331,1073454,1476575,1733257,0.0079312,0.0067114,0.0010246,0.0020367,0.0037267,0.0107362,0.0157895,0.0192719,0.1400873,0.0833333,0.0166667,0.0166667,0.0408163,0.1875000,0.3333333,0.4489796,0.1426356379,0.114452488,0,0,0.0238050865,0.1888237945,0.3066741368,0.4343180173,4.415%,95.585%,65.577%,34.423%,63.763%,36.237%,16.436%,55.585%,27.979%,45.617%,54.383%,Q12012,510968,2.314331454,9.5
2012Q1,Totale,1.67%,0.97841687,0.99348009,0.91588688,0.94286359,0.97795317,0.99811085,0.99926234,0.99955125,620,311,19,40,107,810,1553,2344,868,457,19,31,75,1329,2298,2954,238,56,4,6,9,164,622,1272,685378,567819,53700,114462,262013,980452,1451266,1728089,0.0009908,0.0000000,0.0000000,0.0000000,0.0000000,0.0000000,0.0031949,0.0073350,0.1652374,0.1000000,0.0000000,0.0166667,0.0408163,0.2333333,0.4166667,0.5510204,0.3268174135,0.2467733856,0,0.0147783251,0.1138679663,0.5286798322,0.756097561,0.8191354675,3.732%,96.268%,43.101%,56.899%,32.115%,67.885%,9.528%,37.974%,52.498%,36.215%,63.785%,Q12012,510968,2.314331454,9.5
2012Q2,CHR2,0.19%,0.99481500,0.99509360,0.99208063,0.99253028,0.99361512,0.99626018,0.99683167,0.99700754,577,525,278,355,390,684,956,1066,13,13,5,5,5,19,25,25,6,6,1,2,4,7,11,13,739103,617474,70090,140098,287381,1066956,1544852,1816694,0.0000005,0.0000000,0.0000000,0.0000000,0.0000000,0.0000000,0.0000000,0.0000000,0.3658203,0.3401361,0.0208333,0.0277778,0.2708333,0.4594595,0.6486486,0.6875000,0.3299019449,0.2717391304,0,0.0714285714,0.1756333743,0.4751270237,0.722146114,0.8009005926,0.529%,99.471%,37.604%,62.396%,20.636%,79.364%,7.225%,34.324%,58.452%,30.361%,69.639%,Q22012,510039,1.999862316,9.666666667
2012Q2,CHR8,14.45%,0.94773946,0.95626682,0.87869928,0.89898702,0.92774129,0.97792170,0.99093571,0.99501053,121,75,10,15,31,145,269,346,32,25,5,10,15,40,61,75,54,49,6,6,14,81,106,121,805804,720184,120734,227867,455896,1079173,1498166,1755003,0.0078434,0.0066972,0.0008741,0.0019763,0.0037037,0.0106952,0.0154639,0.0189702,0.1436510,0.1000000,0.0166667,0.0166667,0.0408163,0.1944444,0.3333333,0.4594595,0.1434674915,0.1162558355,0,0,0.0233579366,0.1860407429,0.3052178142,0.4350391009,4.427%,95.573%,65.231%,34.769%,63.214%,36.786%,17.084%,54.671%,28.244%,44.304%,55.696%,Q22012,510039,1.999862316,9.666666667
2012Q2,Totale,1.65%,0.97833567,0.99339947,0.91469050,0.94225940,0.97750640,0.99810231,0.99927249,0.99955187,625,310,19,40,107,823,1568,2358,873,452,19,31,75,1364,2314,2993,238,56,4,6,9,163,615,1268,688513,565658,63318,125884,265239,987291,1458481,1732750,0.0009867,0.0000000,0.0000000,0.0000000,0.0000000,0.0000000,0.0032258,0.0072993,0.1668186,0.1000000,0.0136986,0.0166667,0.0408163,0.2333333,0.4285714,0.5510204,0.3274123046,0.2454458811,0,0.0086839477,0.1144601297,0.5304347826,0.7572355195,0.8193021449,3.791%,96.209%,43.073%,56.927%,31.854%,68.146%,9.565%,37.814%,52.621%,36.030%,63.970%,Q22012,510039,1.999862316,9.666666667
2012Q3,CHR2,0.17%,0.99481207,0.99508957,0.99208063,0.99252459,0.99361214,0.99625869,0.99683111,0.99700518,623,598,275,355,450,729,936,1117,13,10,5,5,5,20,25,25,6,6,2,2,4,8,11,12,734218,611391,65570,130215,281195,1064961,1537230,1813585,0.0000005,0.0000000,0.0000000,0.0000000,0.0000000,0.0000000,0.0000000,0.0000000,0.3528474,0.3568028,0.0208333,0.0576393,0.2666667,0.4630631,0.5484234,0.6159910,0.3298077591,0.2715177844,0,0.0644105096,0.1758805984,0.4761904762,0.7204610951,0.799879928,0.534%,99.466%,37.869%,62.131%,20.487%,79.513%,7.319%,34.385%,58.296%,30.476%,69.524%,Q3 2012,511290,1.976788236,9.733333333
2012Q3,CHR8,14.45%,0.94722576,0.95651802,0.87603724,0.89814849,0.92775621,0.97753059,0.99054969,0.99474854,123,82,13,20,34,146,264,335,29,25,5,5,10,34,62,82,54,49,5,6,13,81,106,123,806824,723252,123670,224113,447532,1080777,1509071,1761189,0.0078244,0.0066007,0.0011007,0.0020492,0.0036810,0.0106383,0.0153846,0.0188889,0.1401927,0.0833333,0.0166667,0.0166667,0.0408163,0.1875000,0.3333333,0.4489796,0.1431769913,0.1161912524,0,0,0.0222237279,0.1830417892,0.303030303,0.4189944134,4.523%,95.477%,65.265%,34.735%,62.551%,37.449%,16.832%,54.916%,28.252%,44.243%,55.757%,Q3 2012,511290,1.976788236,9.733333333
2012Q3,Totale,1.65%,0.97819994,0.99329525,0.91354567,0.94142293,0.97722121,0.99809476,0.99927249,0.99955125,633,314,20,41,107,832,1573,2386,886,461,13,25,72,1410,2355,3039,237,56,4,6,9,163,605,1255,686511,558612,56314,118468,258956,991033,1460925,1732739,0.0009741,0.0000000,0.0000000,0.0000000,0.0000000,0.0000000,0.0031646,0.0071942,0.1670724,0.1000000,0.0138889,0.0166667,0.0408163,0.2333333,0.4285714,0.5510204,0.3264054773,0.2435287313,0,0.0025736713,0.1142817508,0.5266615533,0.7560727716,0.8185650555,3.798%,96.202%,43.389%,56.611%,31.899%,68.101%,9.645%,38.017%,52.338%,36.346%,63.654%,Q3 2012,511290,1.976788236,9.733333333
2012Q4,CHR2,0.17%,0.99481232,0.99509738,0.99208063,0.99252460,0.99361772,0.99626373,0.99683210,0.99700754,637,580,280,356,462,752,847,1250,13,14,5,5,5,21,26,26,7,6,2,3,6,7,11,12,740444,616909,68732,131476,279244,1079545,1551148,1829952,0.0000003,0.0000000,0.0000000,0.0000000,0.0000000,0.0000000,0.0000000,0.0000000,0.3931490,0.3855442,0.0612245,0.2500000,0.3333333,0.4833333,0.5833333,0.6486486,0.3277008475,0.2687372022,0,0.0564266725,0.1759930328,0.4740909306,0.7142857143,0.7967485182,0.549%,99.451%,37.490%,62.510%,20.109%,79.891%,7.286%,33.979%,58.735%,30.942%,69.058%,Q4 2012,511449,1.532409783,10.13333333
2012Q4,CHR8,14.61%,0.94649703,0.95589912,0.87450737,0.89552390,0.92572644,0.97739590,0.99056625,0.99471876,125,82,14,21,41,147,270,334,33,26,5,11,14,41,67,82,54,49,5,6,14,80,106,122,805222,725144,107613,212555,429300,1096444,1519484,1759962,0.0077415,0.0065177,0.0010373,0.0019455,0.0036232,0.0105374,0.0154712,0.0190337,0.1426589,0.1000000,0.0166667,0.0166667,0.0408163,0.1891892,0.3333333,0.4541667,0.1449879767,0.1186834441,0,0,0.0219131098,0.1825978697,0.303030303,0.4163018553,4.230%,95.770%,65.214%,34.786%,63.039%,36.961%,16.767%,54.852%,28.381%,43.936%,56.064%,Q4 2012,511449,1.532409783,10.13333333
2012Q4,Totale,1.65%,0.97816265,0.99320536,0.91299460,0.94090412,0.97685408,0.99807681,0.99927249,0.99954789,640,320,26,46,105,838,1599,2412,897,473,21,31,77,1431,2389,3086,237,55,4,6,9,163,603,1257,691762,562463,62253,121320,260106,1002061,1470101,1738685,0.0009664,0.0000000,0.0000000,0.0000000,0.0000000,0.0000000,0.0031194,0.0071038,0.1679300,0.1020408,0.0138889,0.0166667,0.0408163,0.2361111,0.4305556,0.5510204,0.3220795889,0.2376361924,0,0.0000810649,0.112862571,0.5183431003,0.7517275624,0.8159509202,3.833%,96.167%,43.498%,56.502%,31.880%,68.120%,9.705%,37.969%,52.326%,36.707%,63.293%,Q4 2012,511449,1.532409783,10.13333333
2013Q1,CHR2,0.17%,0.99482343,0.99511060,0.99208007,0.99252580,0.99362684,0.99626925,0.99683359,0.99700754,717,664,187,396,543,872,1010,1340,14,11,6,6,6,20,26,26,7,7,2,3,6,8,11,13,746380,625501,75389,130757,274854,1100000,1563084,1832987,0.0000004,0.0000000,0.0000000,0.0000000,0.0000000,0.0000000,0.0000000,0.0000000,0.3738724,0.3750000,0.0408163,0.2500000,0.2833333,0.4594595,0.5510204,0.6486486,0.3283316626,0.270409129,0,0.0475625241,0.1761038643,0.4771651897,0.7142857143,0.797116347,0.541%,99.459%,37.058%,62.942%,19.573%,80.427%,7.278%,33.565%,59.157%,31.114%,68.886%,Q1 2013,511172,1.061260587,10.33333333
2013Q1,CHR8,13.89%,0.94618983,0.95533378,0.87401170,0.89507595,0.92541772,0.97671135,0.99038148,0.99458850,122,80,11,16,34,146,272,340,33,26,6,11,16,39,65,80,53,48,5,6,14,79,104,121,812553,734066,116831,212797,430757,1114072,1527583,1756595,0.0076381,0.0063717,0.0008097,0.0019342,0.0035907,0.0103734,0.0152672,0.0185950,0.1446017,0.1000000,0.0166667,0.0166667,0.0408163,0.2000000,0.3333333,0.4583333,0.1427581966,0.1168818989,0,0,0.0196803258,0.1812978712,0.3,0.4147159061,4.265%,95.735%,64.974%,35.026%,62.510%,37.490%,16.854%,54.036%,29.111%,44.456%,55.544%,Q1 2013,511172,1.061260587,10.33333333
2013Q1,Totale,1.66%,0.97827188,0.99320399,0.91294853,0.94083228,0.97671601,0.99807393,0.99927510,0.99954691,640,314,20,39,104,832,1641,2420,871,426,20,29,65,1385,2354,3079,236,55,4,6,9,160,597,1245,694495,566092,67823,120643,256251,1013382,1475690,1735634,0.0009629,0.0000000,0.0000000,0.0000000,0.0000000,0.0000000,0.0031217,0.0070522,0.1693083,0.1020408,0.0138889,0.0166667,0.0408163,0.2432432,0.4333333,0.5555556,0.3215171218,0.2369110494,0,0,0.1124669628,0.5176210204,0.7510373444,0.8156058883,3.844%,96.156%,43.250%,56.750%,31.514%,68.486%,9.619%,37.668%,52.713%,36.804%,63.196%,Q1 2013,511172,1.061260587,10.33333333
2013Q2,CHR2,0.20%,0.99482680,0.99511605,0.99208063,0.99252721,0.99363853,0.99627092,0.99683112,0.99700422,659,634,345,363,419,828,979,1028,12,10,5,5,5,20,25,25,8,7,1,4,4,10,16,20,752506,637481,75685,127263,270353,1118445,1576773,1837442,0.0000004,0.0000000,0.0000000,0.0000000,0.0000000,0.0000000,0.0000000,0.0000000,0.3846563,0.3750000,0.0208333,0.2500000,0.3333333,0.4666667,0.5694444,0.6458333,0.3279815356,0.2710573313,0,0.0400704535,0.1760448014,0.4782913454,0.7137859755,0.7957794418,0.539%,99.461%,37.111%,62.889%,19.235%,80.765%,7.310%,33.577%,59.113%,31.469%,68.531%,Q2 2013,514527,0.806533257,10.4
2013Q2,CHR8,14.17%,0.94666666,0.95591292,0.87297124,0.89499123,0.92629154,0.97726348,0.99074190,0.99489596,124,81,13,20,34,145,268,363,28,25,5,5,10,34,61,81,54,49,6,6,15,79,105,120,805879,734875,109356,197794,416776,1118530,1505193,1719444,0.0076475,0.0064309,0.0009737,0.0019881,0.0035587,0.0103806,0.0151745,0.0185811,0.1453698,0.1000000,0.0166667,0.0166667,0.0408163,0.1967213,0.3469388,0.4583333,0.1444023609,0.1168464519,0,0,0.0169829315,0.1834862385,0.307306755,0.4160177596,4.724%,95.276%,64.994%,35.006%,62.572%,37.428%,17.017%,54.039%,28.944%,44.351%,55.649%,Q2 2013,514527,0.806533257,10.4
2013Q2,Totale,1.63%,0.97844249,0.99325545,0.91290962,0.94081666,0.97677620,0.99809540,0.99928596,0.99955125,639,314,20,40,107,823,1693,2414,847,395,10,25,61,1301,2353,3088,236,54,4,6,9,157,594,1244,696730,570661,69927,117995,253006,1025289,1478489,1736042,0.0009523,0.0000000,0.0000000,0.0000000,0.0000000,0.0000000,0.0030581,0.0069930,0.1711187,0.1020408,0.0156250,0.0166667,0.0408163,0.2448980,0.4333333,0.5666667,0.3214369123,0.2379040652,0,0,0.1124448318,0.5174133355,0.7505114515,0.815005519,3.848%,96.152%,43.326%,56.674%,31.339%,68.661%,9.635%,37.685%,52.680%,36.925%,63.075%,Q2 2013,514527,0.806533257,10.4
2013Q3,CHR2,0.21%,0.99482643,0.99512735,0.99208063,0.99252642,0.99364615,0.99627405,0.99682768,0.99699695,658,567,340,396,437,798,999,1120,11,10,5,5,5,20,25,25,8,6,1,3,4,9,16,23,750034,638642,63560,112865,265184,1121643,1575070,1828396,0.0000003,0.0000000,0.0000000,0.0000000,0.0000000,0.0000000,0.0000000,0.0000000,0.4065286,0.3750000,0.0612245,0.2500000,0.3333333,0.4722222,0.6486486,0.7551020,0.3288292474,0.2723524962,0,0.0346369836,0.1758410123,0.4815746938,0.7149705635,0.7975604004,0.552%,99.448%,37.413%,62.587%,19.182%,80.818%,7.368%,33.771%,58.861%,31.825%,68.175%,Q3 2013,514663,0.938840296,10.26666667
2013Q3,CHR8,14.16%,0.94636505,0.95551301,0.87045638,0.89459489,0.92628459,0.97687515,0.99056604,0.99477104,126,82,14,16,41,147,266,354,26,20,5,5,10,31,56,74,53,48,6,6,14,78,103,119,800829,732993,104800,186100,404725,1120238,1490197,1709413,0.0076373,0.0064103,0.0013106,0.0020718,0.0035842,0.0103251,0.0150987,0.0186916,0.1460689,0.1000000,0.0166667,0.0166667,0.0408163,0.2000000,0.3500000,0.4666667,0.1427791945,0.1150442478,0,0,0.0060428079,0.1823899371,0.300836325,0.4160177596,4.555%,95.445%,65.353%,34.647%,62.748%,37.252%,16.911%,54.576%,28.514%,44.332%,55.668%,Q3 2013,514663,0.938840296,10.26666667
2013Q3,Totale,1.64%,0.97860983,0.99336606,0.91307927,0.94099910,0.97696002,0.99812887,0.99929855,0.99955481,645,314,20,41,105,826,1725,2440,872,420,10,25,62,1323,2414,3154,235,53,4,6,9,155,589,1235,691950,570006,58374,102276,245141,1028289,1474777,1728332,0.0009420,0.0000000,0.0000000,0.0000000,0.0000000,0.0000000,0.0030120,0.0069085,0.1726730,0.1020408,0.0163934,0.0166667,0.0408163,0.2448980,0.4375000,0.5675676,0.3228042778,0.2402331109,0,0,0.1127166184,0.5211892892,0.7528812185,0.8160017173,3.832%,96.168%,43.500%,56.500%,31.234%,68.766%,9.629%,37.795%,52.576%,37.173%,62.827%,Q3 2013,514663,0.938840296,10.26666667
2013Q4,CHR2,0.23%,0.99482481,0.99513349,0.99207970,0.99252803,0.99366001,0.99627272,0.99682768,0.99699494,644,593,21,29,437,892,1091,1163,18,20,1,5,11,27,29,29,7,5,1,1,3,9,16,23,756021,650974,52080,106702,268814,1133013,1576978,1824389,0.0000004,0.0000000,0.0000000,0.0000000,0.0000000,0.0000000,0.0000000,0.0000000,0.4028564,0.3670068,0.0208333,0.0612245,0.3113946,0.5763889,0.6666667,0.9189189,0.3284931008,0.2714164546,0,0.0300002881,0.1754162976,0.4829544544,0.7181033997,0.7986577181,0.556%,99.444%,37.697%,62.303%,19.101%,80.899%,7.354%,33.990%,58.657%,32.138%,67.862%,Q4 2013,516015,0.65020382,10.2
2013Q4,CHR8,14.34%,0.94668125,0.95591292,0.86994152,0.89421158,0.92662788,0.97757606,0.99106260,0.99499746,128,82,15,21,41,154,273,358,30,26,5,11,15,36,62,77,54,49,6,6,16,78,103,120,798955,734381,93916,179216,406159,1128927,1486831,1689006,0.0076612,0.0064412,0.0013784,0.0020855,0.0036641,0.0103093,0.0151196,0.0185185,0.1450120,0.1000000,0.0166667,0.0166667,0.0416667,0.1969697,0.3333333,0.4500000,0.142266166,0.1142598513,0,0,0.0017470809,0.1826484018,0.3020940611,0.4147159073,4.251%,95.749%,64.637%,35.363%,62.255%,37.745%,16.418%,54.540%,29.042%,44.442%,55.558%,Q4 2013,516015,0.65020382,10.2
2013Q4,Totale,1.61%,0.97881197,0.99346005,0.91326876,0.94114604,0.97713421,0.99815501,0.99930840,0.99956111,648,314,26,46,106,823,1727,2452,912,470,21,29,77,1365,2493,3231,234,52,4,6,9,151,588,1210,693233,573590,49973,98856,247231,1034833,1473001,1723281,0.0009218,0.0000000,0.0000000,0.0000000,0.0000000,0.0000000,0.0029211,0.0067835,0.1741974,0.1041667,0.0163934,0.0166667,0.0408163,0.2500000,0.4444444,0.5694444,0.3240621432,0.2416666667,0,0,0.112284454,0.5251098184,0.7566021662,0.818099136,3.845%,96.155%,43.688%,56.312%,31.090%,68.910%,9.603%,37.835%,52.561%,37.413%,62.587%,Q4 2013,516015,0.65020382,10.2
2014Q1,CHR2,0.23%,0.99482925,0.99513892,0.99207994,0.99252952,0.99366332,0.99627479,0.99683215,0.99700007,672,602,119,273,385,917,1181,1253,14,14,0,6,11,21,26,26,7,6,1,1,3,9,12,16,768121,671411,64086,123564,282800,1142573,1576523,1820153,0.0000005,0.0000000,0.0000000,0.0000000,0.0000000,0.0000000,0.0000000,0.0000000,0.3621960,0.3673469,0.0208333,0.0277778,0.2708333,0.4791667,0.5945946,0.6486486,0.3272407148,0.2699727273,0,0.0246885519,0.1746630435,0.4827586207,0.7209302326,0.8,0.568%,99.432%,37.176%,62.824%,18.529%,81.471%,7.163%,33.676%,59.161%,32.810%,67.190%,Q1 2014,515754,0.727003467,10.2
2014Q1,CHR8,14.08%,0.94563883,0.95500506,0.86791938,0.89157458,0.92472285,0.97723147,0.99088162,0.99474750,127,84,11,14,39,152,279,363,24,21,6,6,9,26,54,70,54,49,6,6,14,78,102,120,797115,732669,86254,170477,403359,1135712,1473539,1681754,0.0075566,0.0062630,0.0012338,0.0019443,0.0034843,0.0102210,0.0152284,0.0187500,0.1507490,0.1020408,0.0166667,0.0166667,0.0416667,0.2040816,0.3541667,0.4722222,0.1405216697,0.1137347014,0,0,0.000076802,0.1812080537,0.3,0.414715847,4.327%,95.673%,64.940%,35.060%,62.154%,37.846%,16.538%,54.016%,29.446%,44.403%,55.597%,Q1 2014,515754,0.727003467,10.2
2014Q1,Totale,1.57%,0.97888237,0.99342927,0.91326007,0.94102156,0.97698603,0.99815309,0.99931205,0.99956230,647,314,21,39,105,822,1725,2451,835,371,11,21,54,1212,2410,3160,232,52,4,6,9,149,581,1203,702235,589073,58500,112135,253968,1042963,1471332,1720926,0.0009241,0.0000000,0.0000000,0.0000000,0.0000000,0.0000000,0.0029240,0.0067390,0.1755264,0.1041667,0.0163934,0.0166667,0.0408163,0.2500000,0.4489796,0.5714286,0.32438517,0.2402792902,0,0,0.1104376382,0.5292290902,0.7611845248,0.8204207286,3.830%,96.170%,43.363%,56.637%,30.643%,69.357%,9.459%,37.444%,53.098%,38.083%,61.917%,Q1 2014,515754,0.727003467,10.2
2014Q2,CHR2,0.24%,0.99481847,0.99513903,0.99207632,0.99252184,0.99366192,0.99627170,0.99682960,0.99699477,597,467,202,207,293,781,1236,1344,12,10,5,5,5,20,25,25,6,4,1,1,2,8,12,14,772570,677751,68242,124675,288006,1146153,1572573,1822568,0.0000006,0.0000000,0.0000000,0.0000000,0.0000000,0.0000000,0.0000000,0.0000000,0.3246468,0.3666667,0.0204082,0.0208333,0.2500000,0.4666667,0.5666667,0.6326531,0.3274519121,0.2699748484,0,0.0230772093,0.1748316617,0.4849972141,0.7222222222,0.8,0.589%,99.411%,37.509%,62.491%,18.619%,81.381%,7.064%,33.801%,59.135%,33.348%,66.652%,Q2 2014,516594,0.629351901,10.16666667
2014Q2,CHR8,13.64%,0.94513260,0.95453578,0.86622433,0.89013101,0.92462842,0.97718970,0.99073466,0.99478450,129,84,14,20,41,151,273,375,26,21,5,5,10,31,61,76,53,49,6,7,14,78,101,119,804774,750491,89529,169871,410912,1139943,1477840,1694044,0.0074963,0.0062500,0.0011186,0.0018762,0.0034843,0.0101810,0.0150107,0.0185529,0.1502791,0.1000000,0.0166667,0.0166667,0.0416667,0.2000000,0.3500000,0.4693878,0.1381463516,0.1117889349,0,0,0,0.180597605,0.2968654501,0.4143282233,4.480%,95.520%,64.863%,35.137%,61.711%,38.289%,16.492%,53.766%,29.742%,44.081%,55.919%,Q2 2014,516594,0.629351901,10.16666667
2014Q2,Totale,1.53%,0.97909237,0.99353414,0.91342788,0.94117329,0.97712502,0.99819368,0.99932534,0.99957528,653,318,20,46,112,832,1749,2465,859,399,10,25,61,1239,2470,3195,232,52,4,6,9,147,583,1202,703766,590811,61499,113064,253970,1045111,1470118,1721365,0.0008967,0.0000000,0.0000000,0.0000000,0.0000000,0.0000000,0.0027829,0.0065789,0.1761566,0.1041667,0.0163934,0.0166667,0.0408163,0.2500000,0.4489796,0.5714286,0.3270102171,0.243902439,0,0,0.1112254261,0.537037037,0.765625,0.8224852071,3.815%,96.185%,43.535%,56.465%,30.430%,69.570%,9.408%,37.364%,53.228%,38.535%,61.465%,Q2 2014,516594,0.629351901,10.16666667
2014Q3,CHR2,0.21%,0.99481422,0.99513456,0.99207387,0.99251418,0.99365597,0.99626693,0.99683041,0.99699350,611,462,189,225,363,780,1212,1364,13,8,5,5,5,25,29,29,6,6,1,1,2,9,12,14,770210,675685,63353,119704,287174,1138814,1566071,1824505,0.0000005,0.0000000,0.0000000,0.0000000,0.0000000,0.0000000,0.0000000,0.0000000,0.3812051,0.3772109,0.0166667,0.0408163,0.2604167,0.4895834,0.6486486,0.7083333,0.326740347,0.269028112,0,0.0227250389,0.1751751752,0.4843553357,0.7195175702,0.7980230309,0.586%,99.414%,38.155%,61.845%,18.894%,81.106%,7.127%,34.189%,58.684%,34.154%,65.846%,Q3 2014,518403,0.398139784,10.36666667
2014Q3,CHR8,14.24%,0.94573999,0.95483773,0.86832084,0.89138405,0.92505078,0.97739590,0.99100349,0.99484967,131,85,15,20,41,153,278,375,26,25,5,5,11,29,56,71,54,50,6,6,15,80,104,120,807869,754373,83964,172014,414951,1139167,1480566,1699228,0.0076307,0.0063593,0.0012993,0.0020000,0.0035821,0.0103137,0.0151724,0.0187970,0.1468954,0.1000000,0.0166667,0.0166667,0.0408163,0.2000000,0.3500000,0.4666667,0.1382805406,0.1126304153,0,0,0,0.1811457143,0.2967668142,0.4147155546,4.697%,95.303%,64.263%,35.737%,61.250%,38.750%,16.390%,54.180%,29.430%,44.449%,55.551%,Q3 2014,518403,0.398139784,10.36666667
2014Q3,Totale,1.51%,0.97926104,0.99361502,0.91355966,0.94121256,0.97722121,0.99824927,0.99934891,0.99959575,658,319,20,43,112,832,1790,2466,888,432,9,25,67,1270,2537,3267,231,52,4,6,8,146,584,1194,699287,587933,55880,105391,250801,1039790,1460246,1715111,0.0008753,0.0000000,0.0000000,0.0000000,0.0000000,0.0000000,0.0026954,0.0064309,0.1762565,0.1069695,0.0163934,0.0166667,0.0408163,0.2500000,0.4489796,0.5714286,0.3288468696,0.2470885726,0,0,0.1117318436,0.5416665468,0.767761584,0.8235294118,3.791%,96.209%,43.969%,56.031%,30.410%,69.590%,9.423%,37.596%,52.981%,39.046%,60.954%,Q3 2014,518403,0.398139784,10.36666667
2014Q4,CHR2,0.20%,0.99481191,0.99514274,0.99207020,0.99249912,0.99364915,0.99626619,0.99683111,0.99699337,617,499,338,350,393,680,965,1304,17,16,1,5,9,30,30,30,6,6,1,1,4,8,10,12,775681,678503,63882,121238,288040,1145894,1574397,1839903,0.0000003,0.0000000,0.0000000,0.0000000,0.0000000,0.0000000,0.0000000,0.0000000,0.4064018,0.4124150,0.0408163,0.2500000,0.3250000,0.5051021,0.6216216,0.6486486,0.3249415084,0.2667399775,0,0.0222296365,0.175052866,0.4805194805,0.716713881,0.7975503593,0.579%,99.421%,38.442%,61.558%,19.201%,80.799%,7.118%,34.386%,58.496%,34.846%,65.154%,Q4 2014,519315,0.277814969,10.5
2014Q4,CHR8,14.20%,0.94504537,0.95412364,0.86709853,0.89023791,0.92367787,0.97666832,0.99090800,0.99496959,133,82,16,21,41,154,289,391,30,26,5,9,16,36,62,77,54,49,6,6,16,79,105,121,809734,759265,87228,177787,424001,1136347,1476865,1694347,0.0075362,0.0063694,0.0012837,0.0019672,0.0035461,0.0102041,0.0148662,0.0185185,0.1467932,0.1000000,0.0166667,0.0166667,0.0408163,0.2000000,0.3541667,0.4666667,0.1381048161,0.1146063392,0,0,0,0.1816427972,0.297995089,0.414715534,4.451%,95.549%,65.621%,34.379%,61.946%,38.054%,16.397%,55.033%,28.570%,44.520%,55.480%,Q4 2014,519315,0.277814969,10.5
2014Q4,Totale,1.48%,0.97952388,0.99382194,0.91389089,0.94142430,0.97759821,0.99834793,0.99938637,0.99963226,661,324,26,44,112,832,1790,2477,914,467,21,30,77,1290,2568,3298,229,51,4,6,8,146,581,1183,697996,585383,56276,104381,245030,1038127,1456191,1719101,0.0008558,0.0000000,0.0000000,0.0000000,0.0000000,0.0000000,0.0025963,0.0063425,0.1744838,0.1041667,0.0163934,0.0166667,0.0408163,0.2500000,0.4444444,0.5675676,0.333487186,0.2474917896,0,0,0.1129943503,0.5529127733,0.7748508387,0.8296746744,3.775%,96.225%,44.217%,55.783%,30.231%,69.769%,9.391%,37.528%,53.081%,39.363%,60.637%,Q4 2014,519315,0.277814969,10.5
2015Q1,CHR2,0.19%,0.99481979,0.99515608,0.99207067,0.99249477,0.99364670,0.99626823,0.99683894,0.99700393,526,481,155,155,343,617,967,1065,18,21,4,6,6,29,29,29,7,6,1,1,2,8,10,27,789590,693797,61776,118813,292993,1169078,1601453,1867287,0.0000007,0.0000000,0.0000000,0.0000000,0.0000000,0.0000000,0.0000000,0.0000000,0.3574778,0.4081633,0.0166667,0.0208333,0.2708333,0.4791667,0.5918367,0.6486486,0.3207830213,0.2580455812,0,0.0239899512,0.1766240892,0.4683487623,0.7091564481,0.7945205479,0.571%,99.429%,38.970%,61.030%,19.739%,80.261%,7.295%,35.208%,57.497%,34.423%,65.577%,Q1 2015,522560,-0.240585425,10.36666667
2015Q1,CHR8,13.81%,0.94455946,0.95341644,0.86662568,0.88892633,0.92265366,0.97646039,0.99045939,0.99459551,126,78,11,15,34,147,279,365,28,26,6,6,15,29,54,70,52,48,6,6,11,78,102,119,815931,768811,87293,180908,428174,1134076,1482050,1728529,0.0076026,0.0062959,0.0012887,0.0019646,0.0034904,0.0102740,0.0152439,0.0190190,0.1481162,0.1000000,0.0166667,0.0166667,0.0408163,0.2000000,0.3541667,0.4693878,0.136206385,0.1123595506,0,0,0,0.1811833123,0.2945930213,0.41334685,4.430%,95.570%,66.069%,33.931%,62.651%,37.349%,16.617%,55.193%,28.190%,44.973%,55.027%,Q1 2015,522560,-0.240585425,10.36666667
2015Q1,Totale,1.45%,0.97968942,0.99381539,0.91437640,0.94154494,0.97760478,0.99836691,0.99941329,0.99964964,655,318,21,39,106,825,1791,2480,889,435,15,26,68,1247,2546,3272,227,50,4,6,8,142,578,1175,703484,592450,53666,104379,243009,1049286,1467517,1730672,0.0008405,0.0000000,0.0000000,0.0000000,0.0000000,0.0000000,0.0025253,0.0061538,0.1778362,0.1081081,0.0166667,0.0166667,0.0408163,0.2500000,0.4500000,0.5833333,0.3367985446,0.2474918034,0,0,0.1226457067,0.5562528543,0.7826382285,0.8373101952,3.738%,96.262%,45.741%,54.259%,30.838%,69.162%,9.561%,38.483%,51.955%,39.052%,60.948%,Q1 2015,522560,-0.240585425,10.36666667
2015Q2,CHR2,0.19%,0.99482560,0.99515479,0.99207231,0.99248676,0.99364263,0.99626091,0.99683804,0.99700647,515,456,246,246,246,587,725,1058,12,8,5,5,5,20,25,29,6,4,1,2,2,7,9,22,807562,717592,62408,123166,303397,1192210,1623203,1890882,0.0000010,0.0000000,0.0000000,0.0000000,0.0000000,0.0000000,0.0000000,0.0000000,0.2855430,0.3333333,0.0166667,0.0208333,0.0357143,0.4489796,0.5208333,0.6486486,0.3167744349,0.2517320033,0,0.0246087568,0.176905086,0.4580972049,0.7012696042,0.7916666667,0.546%,99.454%,38.811%,61.189%,19.757%,80.243%,7.185%,35.372%,57.444%,34.289%,65.711%,Q2 2015,522546,0.212907518,10.46666667
2015Q2,CHR8,13.54%,0.94476653,0.95355519,0.86841815,0.89066994,0.92277324,0.97626539,0.99055182,0.99467267,127,81,15,19,35,145,273,386,27,25,5,5,15,30,58,71,52,46,6,7,11,78,102,119,834422,785677,98754,193592,452930,1148755,1495397,1728395,0.0076918,0.0064350,0.0012107,0.0019881,0.0035746,0.0103413,0.0152174,0.0191083,0.1435764,0.0983607,0.0166667,0.0166667,0.0408163,0.1875000,0.3469388,0.4666667,0.1369280685,0.115852681,0,0,0,0.18086516,0.2905498656,0.4078792677,4.619%,95.381%,66.604%,33.396%,62.166%,37.834%,16.739%,55.200%,28.061%,45.031%,54.969%,Q2 2015,522546,0.212907518,10.46666667
2015Q2,Totale,1.40%,0.97986911,0.99389951,0.91460187,0.94193293,0.97782611,0.99840958,0.99944689,0.99966702,658,316,20,41,106,832,1796,2489,855,391,8,25,61,1197,2515,3241,225,49,4,6,8,140,575,1169,711795,602804,54372,102710,245899,1059844,1479457,1744451,0.0008196,0.0000000,0.0000000,0.0000000,0.0000000,0.0000000,0.0023943,0.0060192,0.1766285,0.1041667,0.0163934,0.0166667,0.0408163,0.2500000,0.4489796,0.5714286,0.338092238,0.2474917397,0,0,0.1272399533,0.5582329317,0.7872340426,0.8421052632,3.709%,96.291%,45.929%,54.071%,30.712%,69.288%,9.468%,38.421%,52.111%,39.061%,60.939%,Q2 2015,522546,0.212907518,10.46666667
2015Q3,CHR2,0.22%,0.99482322,0.99515812,0.99207125,0.99247552,0.99364246,0.99625673,0.99683616,0.99700746,610,545,212,350,408,679,817,868,16,20,5,5,5,23,30,30,7,6,1,2,4,7,9,22,829489,743477,63415,125880,319939,1213339,1658942,1938631,0.0000005,0.0000000,0.0000000,0.0000000,0.0000000,0.0000000,0.0000000,0.0000000,0.3971852,0.4166667,0.0204082,0.1351351,0.3166667,0.4833333,0.5918367,0.6166667,0.3125160345,0.2474918329,0,0.02286563,0.1768220268,0.4480286738,0.6976744186,0.7894736842,0.565%,99.435%,38.762%,61.238%,19.608%,80.392%,7.255%,35.320%,57.425%,34.284%,65.716%,Q3 2015,524289,0.083311117,10.46666667
2015Q3,CHR8,13.49%,0.94444350,0.95299152,0.86782995,0.88981555,0.92255865,0.97593987,0.99045939,0.99476846,125,82,15,15,39,148,268,355,26,23,5,5,15,30,56,65,51,44,6,6,11,77,101,119,844940,806482,98028,199072,465734,1163469,1504594,1744466,0.0077345,0.0063836,0.0013106,0.0020747,0.0036276,0.0104530,0.0154321,0.0189873,0.1430170,0.0983607,0.0166667,0.0166667,0.0408163,0.1836735,0.3469388,0.4594595,0.1355516969,0.1178758767,0,0,0,0.1804992122,0.2892977247,0.3972983711,4.428%,95.572%,67.831%,32.169%,62.647%,37.353%,16.568%,55.351%,28.082%,44.950%,55.050%,Q3 2015,524289,0.083311117,10.46666667
2015Q3,Totale,1.38%,0.98001825,0.99400183,0.91486202,0.94228551,0.97806014,0.99845675,0.99946638,0.99967679,661,317,20,41,107,832,1790,2551,862,390,15,23,60,1202,2551,3297,225,49,4,6,8,136,571,1169,724081,620000,50445,100759,249985,1074315,1498231,1770249,0.0008092,0.0000000,0.0000000,0.0000000,0.0000000,0.0000000,0.0023095,0.0059072,0.1749522,0.1020408,0.0163934,0.0166667,0.0408163,0.2500000,0.4489796,0.5714286,0.3368874392,0.2462311558,0,0,0.1255556365,0.5555555556,0.790282352,0.8460531886,3.680%,96.320%,46.294%,53.706%,30.689%,69.311%,9.458%,38.468%,52.074%,39.235%,60.765%,Q3 2015,524289,0.083311117,10.46666667
2015Q4,CHR2,0.20%,0.99482056,0.99515635,0.99207229,0.99246695,0.99363853,0.99624498,0.99683111,0.99700526,591,534,192,234,345,756,892,909,10,3,1,1,3,16,24,26,6,6,1,1,2,7,9,22,855597,774592,65771,132846,333374,1249354,1708419,1990137,0.0000006,0.0000000,0.0000000,0.0000000,0.0000000,0.0000000,0.0000000,0.0000000,0.3815323,0.4166667,0.0166667,0.0408163,0.3125000,0.4791667,0.6166667,0.6833333,0.3016600537,0.2355481074,0,0.0194890139,0.1605654226,0.4359360566,0.6899224806,0.7843430926,0.542%,99.458%,38.563%,61.437%,19.389%,80.611%,7.177%,35.159%,57.664%,33.732%,66.268%,Q4 2015,525710,0.093461063,10.23333333
2015Q4,CHR8,13.00%,0.94381349,0.95236398,0.86681883,0.88861288,0.92133316,0.97561887,0.99008003,0.99472266,130,80,16,21,41,148,276,370,25,21,3,3,10,31,56,66,50,44,5,6,10,76,101,119,853994,812999,96241,203949,467062,1172731,1519695,1749507,0.0076500,0.0063492,0.0012376,0.0020000,0.0035336,0.0104322,0.0152439,0.0187970,0.1408788,0.0924370,0.0166667,0.0166667,0.0408163,0.1836735,0.3333333,0.4583333,0.1320670458,0.1146066128,0,0,0,0.1800635146,0.283824984,0.3850899123,3.886%,96.114%,68.782%,31.218%,64.057%,35.943%,16.490%,56.063%,27.447%,44.834%,55.166%,Q4 2015,525710,0.093461063,10.23333333
2015Q4,Totale,1.36%,0.98015676,0.99397331,0.91533563,0.94260932,0.97816602,0.99844219,0.99946734,0.99968085,664,324,24,45,112,827,1785,2602,866,395,10,24,62,1218,2577,3313,223,47,4,6,8,135,575,1169,739124,638412,51381,100837,255501,1090229,1525072,1800792,0.0007884,0.0000000,0.0000000,0.0000000,0.0000000,0.0000000,0.0021954,0.0057526,0.1726485,0.1020408,0.0138889,0.0166667,0.0408163,0.2448980,0.4400000,0.5666667,0.3291083496,0.233615852,0,0,0.1060141847,0.545506881,0.7891111033,0.8461538462,3.818%,96.182%,46.506%,53.494%,30.555%,69.445%,9.442%,38.450%,52.108%,38.799%,61.201%,Q4 2015,525710,0.093461063,10.23333333
2016Q1,CHR2,0.20%,0.99482314,0.99515909,0.99206979,0.99244978,0.99363018,0.99624592,0.99683931,0.99701630,654,619,238,304,436,779,948,1000,14,16,1,1,6,24,24,24,6,6,1,1,4,7,9,22,880010,804494,70900,143288,350349,1284144,1733883,2025086,0.0000005,0.0000000,0.0000000,0.0000000,0.0000000,0.0000000,0.0000000,0.0000000,0.3913738,0.4166667,0.0166667,0.0333333,0.3145834,0.5000000,0.6166667,0.6938776,0.2903974641,0.2224013789,0,0.0187015281,0.1291238944,0.4196918255,0.6808048824,0.7810218978,0.525%,99.475%,38.166%,61.834%,19.202%,80.798%,7.104%,34.906%,57.990%,33.028%,66.972%,Q1 2016,528892,-0.040194272,10.2
2016Q1,CHR8,12.58%,0.94290735,0.95163476,0.86611912,0.88625793,0.92080612,0.97477531,0.98976337,0.99441707,130,80,16,19,35,153,275,390,28,24,6,6,16,31,57,71,50,42,4,6,9,75,100,118,860298,827843,101707,212391,476127,1172129,1519658,1743827,0.0076459,0.0063694,0.0012225,0.0019569,0.0035336,0.0103343,0.0154044,0.0191693,0.1404290,0.0833333,0.0166667,0.0166667,0.0408163,0.1836735,0.3333333,0.4594595,0.1267329967,0.1028013364,0,0,0,0.1798410048,0.2804657355,0.3788819876,3.670%,96.330%,69.336%,30.664%,64.373%,35.627%,15.768%,56.810%,27.422%,45.428%,54.572%,Q1 2016,528892,-0.040194272,10.2
2016Q1,Totale,1.33%,0.98019269,0.99391109,0.91542394,0.94254058,0.97806839,0.99843940,0.99947523,0.99968978,662,321,21,38,110,822,1781,2632,864,392,16,24,59,1212,2558,3332,222,45,4,6,8,133,572,1163,754817,663337,52923,105356,261946,1108827,1545561,1819626,0.0007692,0.0000000,0.0000000,0.0000000,0.0000000,0.0000000,0.0020790,0.0056043,0.1716650,0.1020408,0.0138889,0.0166667,0.0408163,0.2448980,0.4333333,0.5666667,0.321405593,0.2214087046,0,0,0.091937115,0.5386096371,0.7891742377,0.8471119757,3.747%,96.253%,46.645%,53.355%,30.436%,69.564%,9.364%,38.446%,52.191%,38.056%,61.944%,Q1 2016,528892,-0.040194272,10.2
2016Q2,CHR2,0.21%,0.99481528,0.99515232,0.99206902,0.99243526,0.99361801,0.99623337,0.99683464,0.99701300,633,583,178,206,360,787,1014,1074,10,5,3,3,3,15,24,24,7,6,1,2,4,7,9,22,909798,838152,74735,148635,365487,1327922,1777762,2083077,0.0000005,0.0000000,0.0000000,0.0000000,0.0000000,0.0000000,0.0000000,0.0000000,0.3987920,0.4166667,0.0327869,0.0833333,0.3125000,0.5333333,0.6166667,0.6833333,0.2800457278,0.208910012,0,0.0181875136,0.1008178072,0.4121503354,0.6733281263,0.77827051,0.526%,99.474%,38.005%,61.995%,19.049%,80.951%,7.065%,34.897%,58.038%,32.424%,67.576%,Q2 2016,528146,-0.006639225,9.933333333
2016Q2,CHR8,13.10%,0.94338655,0.95242081,0.86560014,0.88617981,0.92103549,0.97507845,0.99001997,0.99451230,125,76,15,16,36,142,274,386,26,24,3,3,10,31,55,71,49,42,5,6,10,73,99,116,872963,837094,108974,223674,491949,1176433,1523532,1765618,0.0077453,0.0064412,0.0010799,0.0019468,0.0035359,0.0105634,0.0156250,0.0193050,0.1395535,0.0833333,0.0163934,0.0166667,0.0408163,0.1836735,0.3333333,0.4500000,0.1201871149,0.0952835848,0,0,0,0.1794565854,0.2694981944,0.3695719125,3.644%,96.356%,69.336%,30.664%,63.602%,36.398%,15.961%,56.827%,27.212%,44.911%,55.089%,Q2 2016,528146,-0.006639225,9.933333333
2016Q2,Totale,1.34%,0.98019822,0.99386220,0.91534982,0.94261635,0.97805748,0.99842577,0.99947805,0.99969770,653,310,20,41,101,807,1735,2618,827,342,10,21,55,1151,2429,3298,218,43,4,6,8,127,560,1156,773936,694032,56268,108875,267843,1136523,1572793,1851499,0.0007498,0.0000000,0.0000000,0.0000000,0.0000000,0.0000000,0.0019342,0.0054402,0.1703043,0.1020408,0.0138889,0.0166667,0.0408163,0.2432432,0.4333333,0.5625000,0.3143423856,0.2103446618,0,0,0.0621825397,0.5303030303,0.7890408108,0.8483699773,3.727%,96.273%,46.909%,53.091%,30.406%,69.594%,9.298%,38.491%,52.211%,37.564%,62.436%,Q2 2016,528146,-0.006639225,9.933333333
2016Q3,CHR2,0.22%,0.99481107,0.99514339,0.99206072,0.99241993,0.99361184,0.99622520,0.99683111,0.99701021,585,473,172,199,284,808,1009,1106,12,10,4,4,4,18,25,26,6,4,1,1,2,7,8,22,915996,848023,75371,147945,376334,1333479,1778011,2082336,0.0000006,0.0000000,0.0000000,0.0000000,0.0000000,0.0000000,0.0000000,0.0000000,0.3422603,0.3500000,0.0327869,0.0408163,0.2500000,0.4897959,0.5833333,0.6486486,0.2722917624,0.199941658,0,0.0180374216,0.0806916427,0.4013216552,0.6674852108,0.7765363128,0.482%,99.518%,37.813%,62.187%,18.978%,81.022%,7.043%,34.766%,58.191%,32.091%,67.909%,Q3 2016,529398,0.279692338,10.06666667
2016Q3,CHR8,14.10%,0.94373403,0.95266598,0.86674728,0.88737461,0.92259222,0.97508759,0.99002177,0.99438735,121,77,10,15,31,143,269,375,29,25,4,10,15,36,60,72,48,40,4,6,8,71,97,115,897774,855539,107366,229770,514975,1209133,1557753,1816950,0.0078199,0.0064935,0.0010858,0.0019698,0.0035638,0.0106007,0.0158730,0.0195730,0.1363450,0.0833333,0.0166667,0.0166667,0.0408163,0.1833333,0.3166667,0.4375000,0.113445678,0.0666666667,0,0,0,0.1790094972,0.2638383199,0.3615957973,3.459%,96.541%,69.524%,30.476%,63.691%,36.309%,15.519%,57.585%,26.896%,43.454%,56.546%,Q3 2016,529398,0.279692338,10.06666667
2016Q3,Totale,1.40%,0.97996545,0.99370880,0.91449522,0.94166368,0.97754882,0.99838393,0.99947068,0.99969514,637,298,18,36,95,781,1705,2593,833,361,15,25,56,1145,2401,3339,211,41,4,6,7,121,541,1126,779274,710813,54195,105080,269204,1141785,1572025,1852597,0.0007510,0.0000000,0.0000000,0.0000000,0.0000000,0.0000000,0.0019286,0.0054560,0.1680074,0.1020408,0.0138889,0.0166667,0.0408163,0.2333333,0.4166667,0.5510204,0.3072136152,0.2000633462,0,0,0.0399776412,0.5207135333,0.7881748617,0.8484848485,3.557%,96.443%,47.164%,52.836%,30.613%,69.387%,9.208%,38.694%,52.098%,37.398%,62.602%,Q3 2016,529398,0.279692338,10.06666667
2016Q4,CHR2,0.23%,0.99480601,0.99513203,0.99206023,0.99241825,0.99359316,0.99620924,0.99683247,0.99701390,625,522,229,235,356,711,984,1275,13,11,1,5,5,19,26,26,6,6,1,1,2,7,8,10,934416,871208,75141,150007,392696,1354921,1801207,2098708,0.0000006,0.0000000,0.0000000,0.0000000,0.0000000,0.0000000,0.0000000,0.0000000,0.3283662,0.3484694,0.0166667,0.0208333,0.1778912,0.4948980,0.5625000,0.5833333,0.2615222956,0.1871618298,0,0.0178089956,0.0476343808,0.3854307188,0.6583427069,0.773169935,0.481%,99.519%,37.323%,62.677%,18.576%,81.424%,6.940%,34.419%,58.641%,31.112%,68.888%,Q4 2016,530650,0.500216761,10.06666667
2016Q4,CHR8,13.52%,0.94325779,0.95246937,0.86525032,0.88486197,0.92130532,0.97485426,0.98985177,0.99443402,123,75,16,19,36,143,264,361,29,26,5,5,15,36,61,75,48,39,5,6,8,71,98,115,903357,864662,123955,241653,537282,1206683,1546507,1802634,0.0077563,0.0063694,0.0010235,0.0019531,0.0035211,0.0105634,0.0157480,0.0196078,0.1351464,0.0833333,0.0163934,0.0166667,0.0408163,0.1805556,0.3125000,0.4285714,0.1064495796,0.037409749,0,0,0,0.1785200164,0.2549206978,0.3607113227,3.340%,96.660%,70.514%,29.486%,63.573%,36.427%,15.179%,57.698%,27.123%,42.854%,57.146%,Q4 2016,530650,0.500216761,10.06666667
2016Q4,Totale,1.41%,0.97985937,0.99354950,0.91428026,0.94143125,0.97731630,0.99833392,0.99946617,0.99969485,638,291,19,40,96,775,1696,2637,813,330,11,26,54,1122,2335,3314,210,41,4,6,7,119,540,1119,792993,732608,53634,103430,277180,1158848,1585641,1876535,0.0007455,0.0000000,0.0000000,0.0000000,0.0000000,0.0000000,0.0018889,0.0053476,0.1659877,0.1020408,0.0138889,0.0166667,0.0408163,0.2333333,0.4166667,0.5500000,0.2988851193,0.1886792453,0,0,0.0252007178,0.5062603945,0.787482733,0.8499531854,3.558%,96.442%,47.384%,52.616%,30.546%,69.454%,9.164%,38.740%,52.095%,36.681%,63.319%,Q4 2016,530650,0.500216761,10.06666667
2017Q1,CHR2,0.25%,0.99481282,0.99513995,0.99205667,0.99241514,0.99358632,0.99620890,0.99683996,0.99701748,553,441,172,207,305,645,1061,1074,15,21,1,1,4,25,25,25,5,4,1,1,2,7,9,10,951924,894125,76795,156144,415430,1372082,1822494,2113970,0.0000008,0.0000000,0.0000000,0.0000000,0.0000000,0.0000000,0.0000000,0.0000000,0.2721574,0.3055556,0.0163934,0.0208333,0.0408163,0.4166667,0.5555556,0.6041667,0.2514678493,0.1806886701,0,0.017626716,0.03,0.3698227171,0.6470588235,0.7692307692,0.472%,99.528%,36.711%,63.289%,18.109%,81.891%,6.883%,34.090%,59.028%,30.178%,69.822%,Q1 2017,533609.849,1.233119995,9.633333333
2017Q1,CHR8,13.04%,0.94182629,0.95146638,0.86391372,0.88236301,0.92017301,0.97415819,0.98913360,0.99394381,124,80,11,16,35,144,269,354,29,25,4,11,16,31,60,71,47,38,4,6,8,70,98,114,908805,877183,122872,251111,551602,1209128,1537073,1800320,0.0078100,0.0064020,0.0010870,0.0019455,0.0034662,0.0106525,0.0158730,0.0199203,0.1346342,0.0833333,0.0163934,0.0166667,0.0408163,0.1803279,0.3061224,0.4166667,0.0993830877,0.0242916632,0,0,0,0.1778777171,0.2440920256,0.3380609777,3.260%,96.740%,70.788%,29.212%,64.441%,35.559%,15.259%,58.193%,26.547%,42.001%,57.999%,Q1 2017,533609.849,1.233119995,9.633333333
2017Q1,Totale,1.41%,0.97958816,0.99333766,0.91361538,0.94083291,0.97679928,0.99829043,0.99945036,0.99968364,627,284,19,39,91,765,1668,2629,794,305,16,24,49,1096,2251,3303,204,39,4,6,7,115,520,1098,808433,,,,,,,,0.0007496,0.0000000,0.0000000,0.0000000,0.0000000,0.0000000,0.0018939,0.0054054,0.1647497,0.1020408,0.0138889,0.0166667,0.0408163,0.2291667,0.4098361,0.5333333,0.2894743159,0.1806327419,0,0,0.0217343826,0.4915254237,0.7857565223,0.8506878809,3.498%,96.502%,47.616%,52.384%,30.575%,69.425%,9.113%,38.889%,51.998%,35.752%,64.248%,Q1 2017,533609.849,1.233119995,9.633333333
